,tool,gfa_id,msa,obj_function,penalization,min_len,len_graph,n_nodes,n_edges
0,pangeblocks,V-352962,mafft.op1.53-ep0,strings,0,0,1116,62,90
1,pangeblocks,TAP1-6890,mafft.op1.53-ep0,strings,0,0,16946,6183,8752
2,pangeblocks,J-3137,mafft.op1.53-ep0,strings,0,0,4052,108,146
3,pangeblocks,K-3138,mafft.op1.53-ep0,strings,0,0,3314,327,447
4,pangeblocks,G-3135,mafft.op1.53-ep0,strings,0,0,4213,165,220
5,pangeblocks,DMA-3108,mafft.op1.53-ep0,strings,0,0,7697,2932,4037
6,pangeblocks,F-3134,mafft.op1.53-ep0,strings,0,0,16159,89,124
7,pangeblocks,DOA-3111,mafft.op1.53-ep0,strings,0,0,12275,4169,6134
8,pangeblocks,MICB-4277,mafft.op1.53-ep0,strings,0,0,17175,647,889
9,pangeblocks,DRB1-3123,mafft.op1.53-ep0,strings,0,0,37823,12885,19309
10,pangeblocks,DOB-3112,mafft.op1.53-ep0,strings,0,0,10753,3295,4909
11,pangeblocks,L-3139,mafft.op1.53-ep0,strings,0,0,7620,244,329
12,pangeblocks,DRB4-3126,mafft.op1.53-ep0,strings,0,0,15082,249,335
13,pangeblocks,DRB5-3127,mafft.op1.53-ep0,strings,0,0,38570,5,6
14,pangeblocks,MICA-100507436,mafft.op1.53-ep0,strings,0,0,19567,401,542
15,pangeblocks,DMB-3109,mafft.op1.53-ep0,strings,0,0,6602,79,111
16,pangeblocks,DPA1-3113,mafft.op1.53-ep0,strings,0,0,37586,12979,19158
17,pangeblocks,DRB3-3125,mafft.op1.53-ep0,strings,0,0,13390,623,845
18,pangeblocks,DQA1-3117,mafft.op1.53-ep0,strings,0,0,20251,1548,2133
19,pangeblocks,TAP2-6891,mafft.op1.53-ep0,strings,0,0,42700,14403,21674
20,pangeblocks,DQB1-3119,mafft.op1.53-ep0,strings,0,0,17494,7013,10362
21,pangeblocks,E-3133,mafft.op1.53-ep0,strings,0,0,4806,13,16
22,pangeblocks,H-3136,mafft.op1.53-ep0,strings,0,0,3426,232,311
23,pangeblocks,DPB1-3115,mafft.op1.53-ep0,strings,0,0,14247,922,1267
24,pangeblocks,A-3105,mafft.op1.53-ep0,strings,0,0,59965,898,1259
25,pangeblocks,C-3107,mafft.op1.53-ep0,strings,0,0,8503,3185,4829
26,pangeblocks,B-3106,mafft.op1.53-ep0,strings,0,0,8085,2955,4366
27,pangeblocks,DRA-3122,mafft.op1.53-ep0,strings,0,0,10826,4153,5991
28,pangeblocks,DOA-3111,mafft.op1.53-ep0,weighted,7,3,8672,3357,4511
29,pangeblocks,DOB-3112,mafft.op1.53-ep0,weighted,7,3,9601,3035,4389
30,pangeblocks,DPB1-3115,mafft.op1.53-ep0,weighted,7,3,14091,875,1173
31,pangeblocks,V-352962,mafft.op1.53-ep0,weighted,7,3,1100,54,74
32,pangeblocks,H-3136,mafft.op1.53-ep0,weighted,7,3,3424,231,309
33,pangeblocks,E-3133,mafft.op1.53-ep0,weighted,7,3,4806,13,16
34,pangeblocks,B-3106,mafft.op1.53-ep0,weighted,7,3,6096,2420,3298
35,pangeblocks,DPA1-3113,mafft.op1.53-ep0,weighted,7,3,25580,10343,13886
36,pangeblocks,DRB3-3125,mafft.op1.53-ep0,weighted,7,3,13388,622,843
37,pangeblocks,DQA1-3117,mafft.op1.53-ep0,weighted,7,3,19079,1480,1997
38,pangeblocks,C-3107,mafft.op1.53-ep0,weighted,7,3,5481,2401,3264
39,pangeblocks,TAP2-6891,mafft.op1.53-ep0,weighted,7,3,26981,10853,14574
40,pangeblocks,A-3105,mafft.op1.53-ep0,weighted,7,3,59762,838,1139
41,pangeblocks,DQB1-3119,mafft.op1.53-ep0,weighted,7,3,13441,5951,8268
42,pangeblocks,DMA-3108,mafft.op1.53-ep0,weighted,7,3,7157,2778,3729
43,pangeblocks,MICB-4277,mafft.op1.53-ep0,weighted,7,3,17072,642,879
44,pangeblocks,DRB1-3123,mafft.op1.53-ep0,weighted,7,3,27282,10482,14548
45,pangeblocks,F-3134,mafft.op1.53-ep0,weighted,7,3,16128,85,116
46,pangeblocks,MICA-100507436,mafft.op1.53-ep0,weighted,7,3,15780,397,534
47,pangeblocks,DRB4-3126,mafft.op1.53-ep0,weighted,7,3,15082,249,335
48,pangeblocks,DRB5-3127,mafft.op1.53-ep0,weighted,7,3,38570,5,6
49,pangeblocks,G-3135,mafft.op1.53-ep0,weighted,7,3,4213,165,220
50,pangeblocks,J-3137,mafft.op1.53-ep0,weighted,7,3,4022,106,142
51,pangeblocks,K-3138,mafft.op1.53-ep0,weighted,7,3,3300,320,433
52,pangeblocks,DRA-3122,mafft.op1.53-ep0,weighted,7,3,8231,3524,4734
53,pangeblocks,L-3139,mafft.op1.53-ep0,weighted,7,3,7476,242,325
54,pangeblocks,DMB-3109,mafft.op1.53-ep0,weighted,7,3,6569,70,93
55,pangeblocks,TAP1-6890,mafft.op1.53-ep0,weighted,7,3,13899,5492,7371
56,pangeblocks,TAP2-6891,mafft.op1.53-ep0,weighted,5,5,26981,10853,14574
57,pangeblocks,DQB1-3119,mafft.op1.53-ep0,weighted,5,5,13441,5951,8268
58,pangeblocks,DPA1-3113,mafft.op1.53-ep0,weighted,5,5,25580,10343,13886
59,pangeblocks,DRB3-3125,mafft.op1.53-ep0,weighted,5,5,13388,622,843
60,pangeblocks,DQA1-3117,mafft.op1.53-ep0,weighted,5,5,19079,1480,1997
61,pangeblocks,K-3138,mafft.op1.53-ep0,weighted,5,5,3300,320,433
62,pangeblocks,J-3137,mafft.op1.53-ep0,weighted,5,5,4022,106,142
63,pangeblocks,DMB-3109,mafft.op1.53-ep0,weighted,5,5,6569,70,93
64,pangeblocks,F-3134,mafft.op1.53-ep0,weighted,5,5,16128,85,116
65,pangeblocks,G-3135,mafft.op1.53-ep0,weighted,5,5,4213,165,220
66,pangeblocks,DRA-3122,mafft.op1.53-ep0,weighted,5,5,8231,3524,4734
67,pangeblocks,MICA-100507436,mafft.op1.53-ep0,weighted,5,5,15780,397,534
68,pangeblocks,L-3139,mafft.op1.53-ep0,weighted,5,5,7476,242,325
69,pangeblocks,DPB1-3115,mafft.op1.53-ep0,weighted,5,5,14091,875,1173
70,pangeblocks,DMA-3108,mafft.op1.53-ep0,weighted,5,5,7157,2778,3729
71,pangeblocks,TAP1-6890,mafft.op1.53-ep0,weighted,5,5,13899,5492,7371
72,pangeblocks,V-352962,mafft.op1.53-ep0,weighted,5,5,1100,54,74
73,pangeblocks,E-3133,mafft.op1.53-ep0,weighted,5,5,4806,13,16
74,pangeblocks,DRB4-3126,mafft.op1.53-ep0,weighted,5,5,15082,249,335
75,pangeblocks,DRB5-3127,mafft.op1.53-ep0,weighted,5,5,38570,5,6
76,pangeblocks,H-3136,mafft.op1.53-ep0,weighted,5,5,3424,231,309
77,pangeblocks,A-3105,mafft.op1.53-ep0,weighted,5,5,59762,838,1139
78,pangeblocks,DRB1-3123,mafft.op1.53-ep0,weighted,5,5,27282,10482,14548
79,pangeblocks,DOB-3112,mafft.op1.53-ep0,weighted,5,5,9601,3035,4389
80,pangeblocks,B-3106,mafft.op1.53-ep0,weighted,5,5,6096,2420,3298
81,pangeblocks,MICB-4277,mafft.op1.53-ep0,weighted,5,5,17072,642,879
82,pangeblocks,DOA-3111,mafft.op1.53-ep0,weighted,5,5,8672,3357,4511
83,pangeblocks,C-3107,mafft.op1.53-ep0,weighted,5,5,5481,2401,3264
84,pangeblocks,DQB1-3119,mafft.op1.53-ep0,weighted,3,5,13441,5951,8268
85,pangeblocks,L-3139,mafft.op1.53-ep0,weighted,3,5,7476,242,325
86,pangeblocks,DOA-3111,mafft.op1.53-ep0,weighted,3,5,8672,3357,4511
87,pangeblocks,TAP2-6891,mafft.op1.53-ep0,weighted,3,5,26981,10853,14574
88,pangeblocks,DQA1-3117,mafft.op1.53-ep0,weighted,3,5,19079,1480,1997
89,pangeblocks,DRB3-3125,mafft.op1.53-ep0,weighted,3,5,13388,622,843
90,pangeblocks,DPA1-3113,mafft.op1.53-ep0,weighted,3,5,25580,10343,13886
91,pangeblocks,DOB-3112,mafft.op1.53-ep0,weighted,3,5,9601,3035,4389
92,pangeblocks,V-352962,mafft.op1.53-ep0,weighted,3,5,1100,54,74
93,pangeblocks,DPB1-3115,mafft.op1.53-ep0,weighted,3,5,14091,875,1173
94,pangeblocks,MICA-100507436,mafft.op1.53-ep0,weighted,3,5,15780,397,534
95,pangeblocks,F-3134,mafft.op1.53-ep0,weighted,3,5,16128,85,116
96,pangeblocks,G-3135,mafft.op1.53-ep0,weighted,3,5,4213,165,220
97,pangeblocks,DMA-3108,mafft.op1.53-ep0,weighted,3,5,7157,2778,3729
98,pangeblocks,J-3137,mafft.op1.53-ep0,weighted,3,5,4022,106,142
99,pangeblocks,K-3138,mafft.op1.53-ep0,weighted,3,5,3300,320,433
100,pangeblocks,H-3136,mafft.op1.53-ep0,weighted,3,5,3424,231,309
101,pangeblocks,E-3133,mafft.op1.53-ep0,weighted,3,5,4806,13,16
102,pangeblocks,TAP1-6890,mafft.op1.53-ep0,weighted,3,5,13899,5492,7371
103,pangeblocks,B-3106,mafft.op1.53-ep0,weighted,3,5,6096,2420,3298
104,pangeblocks,C-3107,mafft.op1.53-ep0,weighted,3,5,5481,2401,3264
105,pangeblocks,A-3105,mafft.op1.53-ep0,weighted,3,5,59762,838,1139
106,pangeblocks,DRA-3122,mafft.op1.53-ep0,weighted,3,5,8231,3524,4734
107,pangeblocks,DRB5-3127,mafft.op1.53-ep0,weighted,3,5,38570,5,6
108,pangeblocks,DMB-3109,mafft.op1.53-ep0,weighted,3,5,6569,70,93
109,pangeblocks,DRB4-3126,mafft.op1.53-ep0,weighted,3,5,15082,249,335
110,pangeblocks,DRB1-3123,mafft.op1.53-ep0,weighted,3,5,27282,10482,14548
111,pangeblocks,MICB-4277,mafft.op1.53-ep0,weighted,3,5,17072,642,879
112,pangeblocks,DPB1-3115,mafft.op1.53-ep0,weighted,7,10,14091,875,1173
113,pangeblocks,DOA-3111,mafft.op1.53-ep0,weighted,7,10,8672,3357,4511
114,pangeblocks,DOB-3112,mafft.op1.53-ep0,weighted,7,10,9601,3035,4389
115,pangeblocks,L-3139,mafft.op1.53-ep0,weighted,7,10,7476,242,325
116,pangeblocks,DPA1-3113,mafft.op1.53-ep0,weighted,7,10,25580,10343,13886
117,pangeblocks,J-3137,mafft.op1.53-ep0,weighted,7,10,4022,106,142
118,pangeblocks,K-3138,mafft.op1.53-ep0,weighted,7,10,3300,320,433
119,pangeblocks,DQA1-3117,mafft.op1.53-ep0,weighted,7,10,19079,1480,1997
120,pangeblocks,DRB3-3125,mafft.op1.53-ep0,weighted,7,10,13388,622,843
121,pangeblocks,F-3134,mafft.op1.53-ep0,weighted,7,10,16128,85,116
122,pangeblocks,TAP2-6891,mafft.op1.53-ep0,weighted,7,10,26981,10853,14574
123,pangeblocks,DQB1-3119,mafft.op1.53-ep0,weighted,7,10,13441,5951,8268
124,pangeblocks,DMA-3108,mafft.op1.53-ep0,weighted,7,10,7157,2778,3729
125,pangeblocks,G-3135,mafft.op1.53-ep0,weighted,7,10,4213,165,220
126,pangeblocks,V-352962,mafft.op1.53-ep0,weighted,7,10,1100,54,74
127,pangeblocks,DRB4-3126,mafft.op1.53-ep0,weighted,7,10,15082,249,335
128,pangeblocks,A-3105,mafft.op1.53-ep0,weighted,7,10,59762,838,1139
129,pangeblocks,DRB5-3127,mafft.op1.53-ep0,weighted,7,10,38570,5,6
130,pangeblocks,B-3106,mafft.op1.53-ep0,weighted,7,10,6096,2420,3298
131,pangeblocks,C-3107,mafft.op1.53-ep0,weighted,7,10,5481,2401,3264
132,pangeblocks,DRA-3122,mafft.op1.53-ep0,weighted,7,10,8231,3524,4734
133,pangeblocks,E-3133,mafft.op1.53-ep0,weighted,7,10,4806,13,16
134,pangeblocks,MICB-4277,mafft.op1.53-ep0,weighted,7,10,17072,642,879
135,pangeblocks,DRB1-3123,mafft.op1.53-ep0,weighted,7,10,27282,10482,14548
136,pangeblocks,H-3136,mafft.op1.53-ep0,weighted,7,10,3424,231,309
137,pangeblocks,DMB-3109,mafft.op1.53-ep0,weighted,7,10,6569,70,93
138,pangeblocks,MICA-100507436,mafft.op1.53-ep0,weighted,7,10,15780,397,534
139,pangeblocks,TAP1-6890,mafft.op1.53-ep0,weighted,7,10,13899,5492,7371
140,pangeblocks,MICA-100507436,mafft.op1.53-ep0,weighted,7,5,15780,397,534
141,pangeblocks,DPB1-3115,mafft.op1.53-ep0,weighted,7,5,14091,875,1173
142,pangeblocks,DRA-3122,mafft.op1.53-ep0,weighted,7,5,8231,3524,4734
143,pangeblocks,TAP2-6891,mafft.op1.53-ep0,weighted,7,5,26981,10853,14574
144,pangeblocks,E-3133,mafft.op1.53-ep0,weighted,7,5,4806,13,16
145,pangeblocks,DQB1-3119,mafft.op1.53-ep0,weighted,7,5,13441,5951,8268
146,pangeblocks,DMB-3109,mafft.op1.53-ep0,weighted,7,5,6569,70,93
147,pangeblocks,DPA1-3113,mafft.op1.53-ep0,weighted,7,5,25580,10343,13886
148,pangeblocks,DQA1-3117,mafft.op1.53-ep0,weighted,7,5,19079,1480,1997
149,pangeblocks,H-3136,mafft.op1.53-ep0,weighted,7,5,3424,231,309
150,pangeblocks,DRB3-3125,mafft.op1.53-ep0,weighted,7,5,13388,622,843
151,pangeblocks,A-3105,mafft.op1.53-ep0,weighted,7,5,59762,838,1139
152,pangeblocks,B-3106,mafft.op1.53-ep0,weighted,7,5,6096,2420,3298
153,pangeblocks,C-3107,mafft.op1.53-ep0,weighted,7,5,5481,2401,3264
154,pangeblocks,DOB-3112,mafft.op1.53-ep0,weighted,7,5,9601,3035,4389
155,pangeblocks,DRB4-3126,mafft.op1.53-ep0,weighted,7,5,15082,249,335
156,pangeblocks,DOA-3111,mafft.op1.53-ep0,weighted,7,5,8672,3357,4511
157,pangeblocks,DRB5-3127,mafft.op1.53-ep0,weighted,7,5,38570,5,6
158,pangeblocks,DRB1-3123,mafft.op1.53-ep0,weighted,7,5,27282,10482,14548
159,pangeblocks,J-3137,mafft.op1.53-ep0,weighted,7,5,4022,106,142
160,pangeblocks,K-3138,mafft.op1.53-ep0,weighted,7,5,3300,320,433
161,pangeblocks,F-3134,mafft.op1.53-ep0,weighted,7,5,16128,85,116
162,pangeblocks,MICB-4277,mafft.op1.53-ep0,weighted,7,5,17072,642,879
163,pangeblocks,G-3135,mafft.op1.53-ep0,weighted,7,5,4213,165,220
164,pangeblocks,L-3139,mafft.op1.53-ep0,weighted,7,5,7476,242,325
165,pangeblocks,V-352962,mafft.op1.53-ep0,weighted,7,5,1100,54,74
166,pangeblocks,DMA-3108,mafft.op1.53-ep0,weighted,7,5,7157,2778,3729
167,pangeblocks,TAP1-6890,mafft.op1.53-ep0,weighted,7,5,13899,5492,7371
168,pangeblocks,DPA1-3113,mafft.op1.53-ep0,weighted,5,10,25580,10343,13886
169,pangeblocks,H-3136,mafft.op1.53-ep0,weighted,5,10,3424,231,309
170,pangeblocks,DQA1-3117,mafft.op1.53-ep0,weighted,5,10,19079,1480,1997
171,pangeblocks,DRB3-3125,mafft.op1.53-ep0,weighted,5,10,13388,622,843
172,pangeblocks,TAP2-6891,mafft.op1.53-ep0,weighted,5,10,26981,10853,14574
173,pangeblocks,DQB1-3119,mafft.op1.53-ep0,weighted,5,10,13441,5951,8268
174,pangeblocks,E-3133,mafft.op1.53-ep0,weighted,5,10,4806,13,16
175,pangeblocks,DMB-3109,mafft.op1.53-ep0,weighted,5,10,6569,70,93
176,pangeblocks,C-3107,mafft.op1.53-ep0,weighted,5,10,5481,2401,3264
177,pangeblocks,B-3106,mafft.op1.53-ep0,weighted,5,10,6096,2420,3298
178,pangeblocks,A-3105,mafft.op1.53-ep0,weighted,5,10,59762,838,1139
179,pangeblocks,DPB1-3115,mafft.op1.53-ep0,weighted,5,10,14091,875,1173
180,pangeblocks,MICA-100507436,mafft.op1.53-ep0,weighted,5,10,15780,397,534
181,pangeblocks,DRA-3122,mafft.op1.53-ep0,weighted,5,10,8231,3524,4734
182,pangeblocks,L-3139,mafft.op1.53-ep0,weighted,5,10,7476,242,325
183,pangeblocks,V-352962,mafft.op1.53-ep0,weighted,5,10,1100,54,74
184,pangeblocks,DMA-3108,mafft.op1.53-ep0,weighted,5,10,7157,2778,3729
185,pangeblocks,TAP1-6890,mafft.op1.53-ep0,weighted,5,10,13899,5492,7371
186,pangeblocks,DRB4-3126,mafft.op1.53-ep0,weighted,5,10,15082,249,335
187,pangeblocks,DOA-3111,mafft.op1.53-ep0,weighted,5,10,8672,3357,4511
188,pangeblocks,DRB5-3127,mafft.op1.53-ep0,weighted,5,10,38570,5,6
189,pangeblocks,DOB-3112,mafft.op1.53-ep0,weighted,5,10,9601,3035,4389
190,pangeblocks,G-3135,mafft.op1.53-ep0,weighted,5,10,4213,165,220
191,pangeblocks,MICB-4277,mafft.op1.53-ep0,weighted,5,10,17072,642,879
192,pangeblocks,F-3134,mafft.op1.53-ep0,weighted,5,10,16128,85,116
193,pangeblocks,DRB1-3123,mafft.op1.53-ep0,weighted,5,10,27282,10482,14548
194,pangeblocks,J-3137,mafft.op1.53-ep0,weighted,5,10,4022,106,142
195,pangeblocks,K-3138,mafft.op1.53-ep0,weighted,5,10,3300,320,433
196,pangeblocks,V-352962,mafft.op1.53-ep0,weighted,3,10,1100,54,74
197,pangeblocks,DMA-3108,mafft.op1.53-ep0,weighted,3,10,7157,2778,3729
198,pangeblocks,TAP1-6890,mafft.op1.53-ep0,weighted,3,10,13899,5492,7371
199,pangeblocks,L-3139,mafft.op1.53-ep0,weighted,3,10,7476,242,325
200,pangeblocks,DRB5-3127,mafft.op1.53-ep0,weighted,3,10,38570,5,6
201,pangeblocks,DRB4-3126,mafft.op1.53-ep0,weighted,3,10,15082,249,335
202,pangeblocks,J-3137,mafft.op1.53-ep0,weighted,3,10,4022,106,142
203,pangeblocks,K-3138,mafft.op1.53-ep0,weighted,3,10,3300,320,433
204,pangeblocks,DOB-3112,mafft.op1.53-ep0,weighted,3,10,9601,3035,4389
205,pangeblocks,G-3135,mafft.op1.53-ep0,weighted,3,10,4213,165,220
206,pangeblocks,F-3134,mafft.op1.53-ep0,weighted,3,10,16128,85,116
207,pangeblocks,DOA-3111,mafft.op1.53-ep0,weighted,3,10,8672,3357,4511
208,pangeblocks,MICB-4277,mafft.op1.53-ep0,weighted,3,10,17072,642,879
209,pangeblocks,DRB1-3123,mafft.op1.53-ep0,weighted,3,10,27282,10482,14548
210,pangeblocks,DQA1-3117,mafft.op1.53-ep0,weighted,3,10,19079,1480,1997
211,pangeblocks,DRB3-3125,mafft.op1.53-ep0,weighted,3,10,13388,622,843
212,pangeblocks,DPA1-3113,mafft.op1.53-ep0,weighted,3,10,25580,10343,13886
213,pangeblocks,DMB-3109,mafft.op1.53-ep0,weighted,3,10,6569,70,93
214,pangeblocks,A-3105,mafft.op1.53-ep0,weighted,3,10,59762,838,1139
215,pangeblocks,C-3107,mafft.op1.53-ep0,weighted,3,10,5481,2401,3264
216,pangeblocks,DQB1-3119,mafft.op1.53-ep0,weighted,3,10,13441,5951,8268
217,pangeblocks,TAP2-6891,mafft.op1.53-ep0,weighted,3,10,26981,10853,14574
218,pangeblocks,B-3106,mafft.op1.53-ep0,weighted,3,10,6096,2420,3298
219,pangeblocks,E-3133,mafft.op1.53-ep0,weighted,3,10,4806,13,16
220,pangeblocks,H-3136,mafft.op1.53-ep0,weighted,3,10,3424,231,309
221,pangeblocks,MICA-100507436,mafft.op1.53-ep0,weighted,3,10,15780,397,534
222,pangeblocks,DPB1-3115,mafft.op1.53-ep0,weighted,3,10,14091,875,1173
223,pangeblocks,DRA-3122,mafft.op1.53-ep0,weighted,3,10,8231,3524,4734
224,pangeblocks,DPA1-3113,mafft.op1.53-ep0,weighted,5,3,25580,10343,13886
225,pangeblocks,DQA1-3117,mafft.op1.53-ep0,weighted,5,3,19079,1480,1997
226,pangeblocks,DRB3-3125,mafft.op1.53-ep0,weighted,5,3,13388,622,843
227,pangeblocks,H-3136,mafft.op1.53-ep0,weighted,5,3,3424,231,309
228,pangeblocks,TAP2-6891,mafft.op1.53-ep0,weighted,5,3,26981,10853,14574
229,pangeblocks,E-3133,mafft.op1.53-ep0,weighted,5,3,4806,13,16
230,pangeblocks,DQB1-3119,mafft.op1.53-ep0,weighted,5,3,13441,5951,8268
231,pangeblocks,B-3106,mafft.op1.53-ep0,weighted,5,3,6096,2420,3298
232,pangeblocks,DMB-3109,mafft.op1.53-ep0,weighted,5,3,6569,70,93
233,pangeblocks,C-3107,mafft.op1.53-ep0,weighted,5,3,5481,2401,3264
234,pangeblocks,A-3105,mafft.op1.53-ep0,weighted,5,3,59762,838,1139
235,pangeblocks,DRA-3122,mafft.op1.53-ep0,weighted,5,3,8231,3524,4734
236,pangeblocks,DPB1-3115,mafft.op1.53-ep0,weighted,5,3,14091,875,1173
237,pangeblocks,L-3139,mafft.op1.53-ep0,weighted,5,3,7476,242,325
238,pangeblocks,DMA-3108,mafft.op1.53-ep0,weighted,5,3,7157,2778,3729
239,pangeblocks,MICA-100507436,mafft.op1.53-ep0,weighted,5,3,15780,397,534
240,pangeblocks,TAP1-6890,mafft.op1.53-ep0,weighted,5,3,13899,5492,7371
241,pangeblocks,V-352962,mafft.op1.53-ep0,weighted,5,3,1100,54,74
242,pangeblocks,DRB4-3126,mafft.op1.53-ep0,weighted,5,3,15082,249,335
243,pangeblocks,DRB5-3127,mafft.op1.53-ep0,weighted,5,3,38570,5,6
244,pangeblocks,F-3134,mafft.op1.53-ep0,weighted,5,3,16128,85,116
245,pangeblocks,G-3135,mafft.op1.53-ep0,weighted,5,3,4213,165,220
246,pangeblocks,DOB-3112,mafft.op1.53-ep0,weighted,5,3,9601,3035,4389
247,pangeblocks,MICB-4277,mafft.op1.53-ep0,weighted,5,3,17072,642,879
248,pangeblocks,K-3138,mafft.op1.53-ep0,weighted,5,3,3300,320,433
249,pangeblocks,DRB1-3123,mafft.op1.53-ep0,weighted,5,3,27282,10482,14548
250,pangeblocks,J-3137,mafft.op1.53-ep0,weighted,5,3,4022,106,142
251,pangeblocks,DOA-3111,mafft.op1.53-ep0,weighted,5,3,8672,3357,4511
252,pangeblocks,DRB3-3125,mafft.op1.53-ep0,weighted,3,3,13388,622,843
253,pangeblocks,DQA1-3117,mafft.op1.53-ep0,weighted,3,3,19079,1480,1997
254,pangeblocks,J-3137,mafft.op1.53-ep0,weighted,3,3,4022,106,142
255,pangeblocks,K-3138,mafft.op1.53-ep0,weighted,3,3,3300,320,433
256,pangeblocks,DRA-3122,mafft.op1.53-ep0,weighted,3,3,8231,3524,4734
257,pangeblocks,DPA1-3113,mafft.op1.53-ep0,weighted,3,3,25580,10343,13886
258,pangeblocks,F-3134,mafft.op1.53-ep0,weighted,3,3,16128,85,116
259,pangeblocks,DQB1-3119,mafft.op1.53-ep0,weighted,3,3,13441,5951,8268
260,pangeblocks,TAP2-6891,mafft.op1.53-ep0,weighted,3,3,26981,10853,14574
261,pangeblocks,G-3135,mafft.op1.53-ep0,weighted,3,3,4213,165,220
262,pangeblocks,DPB1-3115,mafft.op1.53-ep0,weighted,3,3,14091,875,1173
263,pangeblocks,MICA-100507436,mafft.op1.53-ep0,weighted,3,3,15780,397,534
264,pangeblocks,DMB-3109,mafft.op1.53-ep0,weighted,3,3,6569,70,93
265,pangeblocks,L-3139,mafft.op1.53-ep0,weighted,3,3,7476,242,325
266,pangeblocks,DOB-3112,mafft.op1.53-ep0,weighted,3,3,9601,3035,4389
267,pangeblocks,DOA-3111,mafft.op1.53-ep0,weighted,3,3,8672,3357,4511
268,pangeblocks,TAP1-6890,mafft.op1.53-ep0,weighted,3,3,13899,5492,7371
269,pangeblocks,DRB5-3127,mafft.op1.53-ep0,weighted,3,3,38570,5,6
270,pangeblocks,A-3105,mafft.op1.53-ep0,weighted,3,3,59762,838,1139
271,pangeblocks,DMA-3108,mafft.op1.53-ep0,weighted,3,3,7157,2778,3729
272,pangeblocks,DRB4-3126,mafft.op1.53-ep0,weighted,3,3,15082,249,335
273,pangeblocks,B-3106,mafft.op1.53-ep0,weighted,3,3,6096,2420,3298
274,pangeblocks,C-3107,mafft.op1.53-ep0,weighted,3,3,5481,2401,3264
275,pangeblocks,MICB-4277,mafft.op1.53-ep0,weighted,3,3,17072,642,879
276,pangeblocks,E-3133,mafft.op1.53-ep0,weighted,3,3,4806,13,16
277,pangeblocks,V-352962,mafft.op1.53-ep0,weighted,3,3,1100,54,74
278,pangeblocks,DRB1-3123,mafft.op1.53-ep0,weighted,3,3,27282,10482,14548
279,pangeblocks,H-3136,mafft.op1.53-ep0,weighted,3,3,3424,231,309
280,pangeblocks,DMB-3109,mafft.op1.53-ep0,nodes,0,0,6569,70,93
281,pangeblocks,DPA1-3113,mafft.op1.53-ep0,nodes,0,0,25580,10343,13886
282,pangeblocks,J-3137,mafft.op1.53-ep0,nodes,0,0,4022,106,142
283,pangeblocks,K-3138,mafft.op1.53-ep0,nodes,0,0,3300,320,433
284,pangeblocks,DQA1-3117,mafft.op1.53-ep0,nodes,0,0,19079,1480,1997
285,pangeblocks,DRB3-3125,mafft.op1.53-ep0,nodes,0,0,13388,622,843
286,pangeblocks,TAP2-6891,mafft.op1.53-ep0,nodes,0,0,26981,10853,14574
287,pangeblocks,F-3134,mafft.op1.53-ep0,nodes,0,0,16128,85,116
288,pangeblocks,DQB1-3119,mafft.op1.53-ep0,nodes,0,0,13441,5951,8268
289,pangeblocks,G-3135,mafft.op1.53-ep0,nodes,0,0,4213,165,220
290,pangeblocks,MICA-100507436,mafft.op1.53-ep0,nodes,0,0,15780,397,534
291,pangeblocks,L-3139,mafft.op1.53-ep0,nodes,0,0,7476,242,325
292,pangeblocks,DPB1-3115,mafft.op1.53-ep0,nodes,0,0,14091,875,1173
293,pangeblocks,DRA-3122,mafft.op1.53-ep0,nodes,0,0,8231,3524,4734
294,pangeblocks,V-352962,mafft.op1.53-ep0,nodes,0,0,1100,54,74
295,pangeblocks,TAP1-6890,mafft.op1.53-ep0,nodes,0,0,13899,5492,7371
296,pangeblocks,DMA-3108,mafft.op1.53-ep0,nodes,0,0,7157,2778,3729
297,pangeblocks,DOB-3112,mafft.op1.53-ep0,nodes,0,0,9601,3035,4389
298,pangeblocks,E-3133,mafft.op1.53-ep0,nodes,0,0,4806,13,16
299,pangeblocks,MICB-4277,mafft.op1.53-ep0,nodes,0,0,17072,642,879
300,pangeblocks,DRB1-3123,mafft.op1.53-ep0,nodes,0,0,27282,10482,14548
301,pangeblocks,DOA-3111,mafft.op1.53-ep0,nodes,0,0,8672,3357,4511
302,pangeblocks,H-3136,mafft.op1.53-ep0,nodes,0,0,3424,231,309
303,pangeblocks,A-3105,mafft.op1.53-ep0,nodes,0,0,59762,838,1139
304,pangeblocks,DRB4-3126,mafft.op1.53-ep0,nodes,0,0,15082,249,335
305,pangeblocks,DRB5-3127,mafft.op1.53-ep0,nodes,0,0,38570,5,6
306,pangeblocks,B-3106,mafft.op1.53-ep0,nodes,0,0,6096,2420,3298
307,pangeblocks,C-3107,mafft.op1.53-ep0,nodes,0,0,5481,2401,3264
308,pangeblocks,DPB1-3115,mafft.op3-ep0,nodes,0,0,14091,875,1173
309,pangeblocks,DRA-3122,mafft.op3-ep0,nodes,0,0,8726,3223,4313
310,pangeblocks,L-3139,mafft.op3-ep0,nodes,0,0,7476,242,325
311,pangeblocks,J-3137,mafft.op3-ep0,nodes,0,0,4022,106,142
312,pangeblocks,K-3138,mafft.op3-ep0,nodes,0,0,3301,322,435
313,pangeblocks,G-3135,mafft.op3-ep0,nodes,0,0,4213,165,220
314,pangeblocks,DMB-3109,mafft.op3-ep0,nodes,0,0,6580,53,70
315,pangeblocks,F-3134,mafft.op3-ep0,nodes,0,0,16128,85,116
316,pangeblocks,TAP2-6891,mafft.op3-ep0,nodes,0,0,28307,10309,13798
317,pangeblocks,DQB1-3119,mafft.op3-ep0,nodes,0,0,14004,5791,8047
318,pangeblocks,DPA1-3113,mafft.op3-ep0,nodes,0,0,26718,10125,13540
319,pangeblocks,DRB3-3125,mafft.op3-ep0,nodes,0,0,13388,622,843
320,pangeblocks,DQA1-3117,mafft.op3-ep0,nodes,0,0,19009,1484,1999
321,pangeblocks,DRB1-3123,mafft.op3-ep0,nodes,0,0,27821,8703,12074
322,pangeblocks,DOA-3111,mafft.op3-ep0,nodes,0,0,9420,1885,2529
323,pangeblocks,A-3105,mafft.op3-ep0,nodes,0,0,59769,846,1149
324,pangeblocks,C-3107,mafft.op3-ep0,nodes,0,0,5749,2151,2911
325,pangeblocks,DOB-3112,mafft.op3-ep0,nodes,0,0,10252,2970,4300
326,pangeblocks,MICB-4277,mafft.op3-ep0,nodes,0,0,17072,641,878
327,pangeblocks,B-3106,mafft.op3-ep0,nodes,0,0,6322,2311,3149
328,pangeblocks,MICA-100507436,mafft.op3-ep0,nodes,0,0,15780,397,534
329,pangeblocks,E-3133,mafft.op3-ep0,nodes,0,0,4806,13,16
330,pangeblocks,DRB4-3126,mafft.op3-ep0,nodes,0,0,15082,249,335
331,pangeblocks,H-3136,mafft.op3-ep0,nodes,0,0,3424,231,309
332,pangeblocks,DRB5-3127,mafft.op3-ep0,nodes,0,0,38570,5,6
333,pangeblocks,V-352962,mafft.op3-ep0,nodes,0,0,1100,54,74
334,pangeblocks,TAP1-6890,mafft.op3-ep0,nodes,0,0,14589,5353,7150
335,pangeblocks,DMA-3108,mafft.op3-ep0,nodes,0,0,7502,2489,3326
336,pangeblocks,DPB1-3115,mafft.op3-ep0,weighted,3,3,14091,875,1173
337,pangeblocks,DOB-3112,mafft.op3-ep0,weighted,3,3,10252,2970,4300
338,pangeblocks,DOA-3111,mafft.op3-ep0,weighted,3,3,9420,1885,2529
339,pangeblocks,DMA-3108,mafft.op3-ep0,weighted,3,3,7502,2489,3326
340,pangeblocks,E-3133,mafft.op3-ep0,weighted,3,3,4806,13,16
341,pangeblocks,H-3136,mafft.op3-ep0,weighted,3,3,3424,231,309
342,pangeblocks,DPA1-3113,mafft.op3-ep0,weighted,3,3,26718,10125,13540
343,pangeblocks,DRB3-3125,mafft.op3-ep0,weighted,3,3,13388,622,843
344,pangeblocks,DQA1-3117,mafft.op3-ep0,weighted,3,3,19009,1484,1999
345,pangeblocks,A-3105,mafft.op3-ep0,weighted,3,3,59769,846,1149
346,pangeblocks,TAP2-6891,mafft.op3-ep0,weighted,3,3,28307,10309,13798
347,pangeblocks,C-3107,mafft.op3-ep0,weighted,3,3,5749,2151,2911
348,pangeblocks,V-352962,mafft.op3-ep0,weighted,3,3,1100,54,74
349,pangeblocks,B-3106,mafft.op3-ep0,weighted,3,3,6322,2311,3149
350,pangeblocks,DQB1-3119,mafft.op3-ep0,weighted,3,3,14004,5791,8047
351,pangeblocks,DRA-3122,mafft.op3-ep0,weighted,3,3,8726,3223,4313
352,pangeblocks,MICB-4277,mafft.op3-ep0,weighted,3,3,17072,641,878
353,pangeblocks,DRB1-3123,mafft.op3-ep0,weighted,3,3,27821,8703,12074
354,pangeblocks,DRB4-3126,mafft.op3-ep0,weighted,3,3,15082,249,335
355,pangeblocks,K-3138,mafft.op3-ep0,weighted,3,3,3301,322,435
356,pangeblocks,DRB5-3127,mafft.op3-ep0,weighted,3,3,38570,5,6
357,pangeblocks,J-3137,mafft.op3-ep0,weighted,3,3,4022,106,142
358,pangeblocks,G-3135,mafft.op3-ep0,weighted,3,3,4213,165,220
359,pangeblocks,F-3134,mafft.op3-ep0,weighted,3,3,16128,85,116
360,pangeblocks,MICA-100507436,mafft.op3-ep0,weighted,3,3,15780,397,534
361,pangeblocks,TAP1-6890,mafft.op3-ep0,weighted,3,3,14589,5353,7150
362,pangeblocks,L-3139,mafft.op3-ep0,weighted,3,3,7476,242,325
363,pangeblocks,DMB-3109,mafft.op3-ep0,weighted,3,3,6580,53,70
364,pangeblocks,H-3136,mafft.op3-ep0,weighted,7,5,3424,231,309
365,pangeblocks,E-3133,mafft.op3-ep0,weighted,7,5,4806,13,16
366,pangeblocks,DRA-3122,mafft.op3-ep0,weighted,7,5,8726,3223,4313
367,pangeblocks,MICA-100507436,mafft.op3-ep0,weighted,7,5,15780,397,534
368,pangeblocks,B-3106,mafft.op3-ep0,weighted,7,5,6322,2311,3149
369,pangeblocks,C-3107,mafft.op3-ep0,weighted,7,5,5749,2151,2911
370,pangeblocks,A-3105,mafft.op3-ep0,weighted,7,5,59769,846,1149
371,pangeblocks,TAP1-6890,mafft.op3-ep0,weighted,7,5,14589,5353,7150
372,pangeblocks,DRB5-3127,mafft.op3-ep0,weighted,7,5,38570,5,6
373,pangeblocks,DRB4-3126,mafft.op3-ep0,weighted,7,5,15082,249,335
374,pangeblocks,MICB-4277,mafft.op3-ep0,weighted,7,5,17072,641,878
375,pangeblocks,DMB-3109,mafft.op3-ep0,weighted,7,5,6580,53,70
376,pangeblocks,DRB1-3123,mafft.op3-ep0,weighted,7,5,27821,8703,12074
377,pangeblocks,DQA1-3117,mafft.op3-ep0,weighted,7,5,19009,1484,1999
378,pangeblocks,DRB3-3125,mafft.op3-ep0,weighted,7,5,13388,622,843
379,pangeblocks,L-3139,mafft.op3-ep0,weighted,7,5,7476,242,325
380,pangeblocks,DPA1-3113,mafft.op3-ep0,weighted,7,5,26718,10125,13540
381,pangeblocks,DQB1-3119,mafft.op3-ep0,weighted,7,5,14004,5791,8047
382,pangeblocks,TAP2-6891,mafft.op3-ep0,weighted,7,5,28307,10309,13798
383,pangeblocks,DOA-3111,mafft.op3-ep0,weighted,7,5,9420,1885,2529
384,pangeblocks,DOB-3112,mafft.op3-ep0,weighted,7,5,10252,2970,4300
385,pangeblocks,DPB1-3115,mafft.op3-ep0,weighted,7,5,14091,875,1173
386,pangeblocks,DMA-3108,mafft.op3-ep0,weighted,7,5,7502,2489,3326
387,pangeblocks,F-3134,mafft.op3-ep0,weighted,7,5,16128,85,116
388,pangeblocks,V-352962,mafft.op3-ep0,weighted,7,5,1100,54,74
389,pangeblocks,G-3135,mafft.op3-ep0,weighted,7,5,4213,165,220
390,pangeblocks,J-3137,mafft.op3-ep0,weighted,7,5,4022,106,142
391,pangeblocks,K-3138,mafft.op3-ep0,weighted,7,5,3301,322,435
392,pangeblocks,TAP1-6890,mafft.op3-ep0,weighted,5,3,14589,5353,7150
393,pangeblocks,F-3134,mafft.op3-ep0,weighted,5,3,16128,85,116
394,pangeblocks,G-3135,mafft.op3-ep0,weighted,5,3,4213,165,220
395,pangeblocks,J-3137,mafft.op3-ep0,weighted,5,3,4022,106,142
396,pangeblocks,K-3138,mafft.op3-ep0,weighted,5,3,3301,322,435
397,pangeblocks,V-352962,mafft.op3-ep0,weighted,5,3,1100,54,74
398,pangeblocks,DMA-3108,mafft.op3-ep0,weighted,5,3,7502,2489,3326
399,pangeblocks,MICA-100507436,mafft.op3-ep0,weighted,5,3,15780,397,534
400,pangeblocks,DOB-3112,mafft.op3-ep0,weighted,5,3,10252,2970,4300
401,pangeblocks,DRB1-3123,mafft.op3-ep0,weighted,5,3,27821,8703,12074
402,pangeblocks,MICB-4277,mafft.op3-ep0,weighted,5,3,17072,641,878
403,pangeblocks,DOA-3111,mafft.op3-ep0,weighted,5,3,9420,1885,2529
404,pangeblocks,L-3139,mafft.op3-ep0,weighted,5,3,7476,242,325
405,pangeblocks,DRB5-3127,mafft.op3-ep0,weighted,5,3,38570,5,6
406,pangeblocks,DRB4-3126,mafft.op3-ep0,weighted,5,3,15082,249,335
407,pangeblocks,DMB-3109,mafft.op3-ep0,weighted,5,3,6580,53,70
408,pangeblocks,DQB1-3119,mafft.op3-ep0,weighted,5,3,14004,5791,8047
409,pangeblocks,TAP2-6891,mafft.op3-ep0,weighted,5,3,28307,10309,13798
410,pangeblocks,DRB3-3125,mafft.op3-ep0,weighted,5,3,13388,622,843
411,pangeblocks,DQA1-3117,mafft.op3-ep0,weighted,5,3,19009,1484,1999
412,pangeblocks,DPA1-3113,mafft.op3-ep0,weighted,5,3,26718,10125,13540
413,pangeblocks,B-3106,mafft.op3-ep0,weighted,5,3,6322,2311,3149
414,pangeblocks,C-3107,mafft.op3-ep0,weighted,5,3,5749,2151,2911
415,pangeblocks,A-3105,mafft.op3-ep0,weighted,5,3,59769,846,1149
416,pangeblocks,DRA-3122,mafft.op3-ep0,weighted,5,3,8726,3223,4313
417,pangeblocks,H-3136,mafft.op3-ep0,weighted,5,3,3424,231,309
418,pangeblocks,E-3133,mafft.op3-ep0,weighted,5,3,4806,13,16
419,pangeblocks,DPB1-3115,mafft.op3-ep0,weighted,5,3,14091,875,1173
420,pangeblocks,L-3139,mafft.op3-ep0,weighted,3,5,7476,242,325
421,pangeblocks,DOA-3111,mafft.op3-ep0,weighted,3,5,9420,1885,2529
422,pangeblocks,TAP2-6891,mafft.op3-ep0,weighted,3,5,28307,10309,13798
423,pangeblocks,DQB1-3119,mafft.op3-ep0,weighted,3,5,14004,5791,8047
424,pangeblocks,DPA1-3113,mafft.op3-ep0,weighted,3,5,26718,10125,13540
425,pangeblocks,DOB-3112,mafft.op3-ep0,weighted,3,5,10252,2970,4300
426,pangeblocks,DRB3-3125,mafft.op3-ep0,weighted,3,5,13388,622,843
427,pangeblocks,DQA1-3117,mafft.op3-ep0,weighted,3,5,19009,1484,1999
428,pangeblocks,DMA-3108,mafft.op3-ep0,weighted,3,5,7502,2489,3326
429,pangeblocks,F-3134,mafft.op3-ep0,weighted,3,5,16128,85,116
430,pangeblocks,V-352962,mafft.op3-ep0,weighted,3,5,1100,54,74
431,pangeblocks,G-3135,mafft.op3-ep0,weighted,3,5,4213,165,220
432,pangeblocks,DPB1-3115,mafft.op3-ep0,weighted,3,5,14091,875,1173
433,pangeblocks,J-3137,mafft.op3-ep0,weighted,3,5,4022,106,142
434,pangeblocks,K-3138,mafft.op3-ep0,weighted,3,5,3301,322,435
435,pangeblocks,H-3136,mafft.op3-ep0,weighted,3,5,3424,231,309
436,pangeblocks,TAP1-6890,mafft.op3-ep0,weighted,3,5,14589,5353,7150
437,pangeblocks,E-3133,mafft.op3-ep0,weighted,3,5,4806,13,16
438,pangeblocks,DRA-3122,mafft.op3-ep0,weighted,3,5,8726,3223,4313
439,pangeblocks,B-3106,mafft.op3-ep0,weighted,3,5,6322,2311,3149
440,pangeblocks,C-3107,mafft.op3-ep0,weighted,3,5,5749,2151,2911
441,pangeblocks,MICA-100507436,mafft.op3-ep0,weighted,3,5,15780,397,534
442,pangeblocks,A-3105,mafft.op3-ep0,weighted,3,5,59769,846,1149
443,pangeblocks,DRB1-3123,mafft.op3-ep0,weighted,3,5,27821,8703,12074
444,pangeblocks,MICB-4277,mafft.op3-ep0,weighted,3,5,17072,641,878
445,pangeblocks,DRB4-3126,mafft.op3-ep0,weighted,3,5,15082,249,335
446,pangeblocks,DMB-3109,mafft.op3-ep0,weighted,3,5,6580,53,70
447,pangeblocks,DRB5-3127,mafft.op3-ep0,weighted,3,5,38570,5,6
448,pangeblocks,L-3139,mafft.op3-ep0,weighted,7,10,7476,242,325
449,pangeblocks,DMB-3109,mafft.op3-ep0,weighted,7,10,6580,53,70
450,pangeblocks,DPB1-3115,mafft.op3-ep0,weighted,7,10,14091,875,1173
451,pangeblocks,TAP2-6891,mafft.op3-ep0,weighted,7,10,28307,10309,13798
452,pangeblocks,G-3135,mafft.op3-ep0,weighted,7,10,4213,165,220
453,pangeblocks,DQB1-3119,mafft.op3-ep0,weighted,7,10,14004,5791,8047
454,pangeblocks,F-3134,mafft.op3-ep0,weighted,7,10,16128,85,116
455,pangeblocks,DPA1-3113,mafft.op3-ep0,weighted,7,10,26718,10125,13540
456,pangeblocks,J-3137,mafft.op3-ep0,weighted,7,10,4022,106,142
457,pangeblocks,K-3138,mafft.op3-ep0,weighted,7,10,3301,322,435
458,pangeblocks,DRB3-3125,mafft.op3-ep0,weighted,7,10,13388,622,843
459,pangeblocks,DRA-3122,mafft.op3-ep0,weighted,7,10,8726,3223,4313
460,pangeblocks,DQA1-3117,mafft.op3-ep0,weighted,7,10,19009,1484,1999
461,pangeblocks,V-352962,mafft.op3-ep0,weighted,7,10,1100,54,74
462,pangeblocks,H-3136,mafft.op3-ep0,weighted,7,10,3424,231,309
463,pangeblocks,DRB1-3123,mafft.op3-ep0,weighted,7,10,27821,8703,12074
464,pangeblocks,MICB-4277,mafft.op3-ep0,weighted,7,10,17072,641,878
465,pangeblocks,E-3133,mafft.op3-ep0,weighted,7,10,4806,13,16
466,pangeblocks,C-3107,mafft.op3-ep0,weighted,7,10,5749,2151,2911
467,pangeblocks,MICA-100507436,mafft.op3-ep0,weighted,7,10,15780,397,534
468,pangeblocks,B-3106,mafft.op3-ep0,weighted,7,10,6322,2311,3149
469,pangeblocks,DRB4-3126,mafft.op3-ep0,weighted,7,10,15082,249,335
470,pangeblocks,DMA-3108,mafft.op3-ep0,weighted,7,10,7502,2489,3326
471,pangeblocks,DRB5-3127,mafft.op3-ep0,weighted,7,10,38570,5,6
472,pangeblocks,A-3105,mafft.op3-ep0,weighted,7,10,59769,846,1149
473,pangeblocks,DOA-3111,mafft.op3-ep0,weighted,7,10,9420,1885,2529
474,pangeblocks,TAP1-6890,mafft.op3-ep0,weighted,7,10,14589,5353,7150
475,pangeblocks,DOB-3112,mafft.op3-ep0,weighted,7,10,10252,2970,4300
476,pangeblocks,MICB-4277,mafft.op3-ep0,weighted,7,3,17072,641,878
477,pangeblocks,DRB1-3123,mafft.op3-ep0,weighted,7,3,27821,8703,12074
478,pangeblocks,DMB-3109,mafft.op3-ep0,weighted,7,3,6580,53,70
479,pangeblocks,DRB4-3126,mafft.op3-ep0,weighted,7,3,15082,249,335
480,pangeblocks,L-3139,mafft.op3-ep0,weighted,7,3,7476,242,325
481,pangeblocks,DRB5-3127,mafft.op3-ep0,weighted,7,3,38570,5,6
482,pangeblocks,F-3134,mafft.op3-ep0,weighted,7,3,16128,85,116
483,pangeblocks,G-3135,mafft.op3-ep0,weighted,7,3,4213,165,220
484,pangeblocks,J-3137,mafft.op3-ep0,weighted,7,3,4022,106,142
485,pangeblocks,K-3138,mafft.op3-ep0,weighted,7,3,3301,322,435
486,pangeblocks,TAP1-6890,mafft.op3-ep0,weighted,7,3,14589,5353,7150
487,pangeblocks,DRA-3122,mafft.op3-ep0,weighted,7,3,8726,3223,4313
488,pangeblocks,V-352962,mafft.op3-ep0,weighted,7,3,1100,54,74
489,pangeblocks,B-3106,mafft.op3-ep0,weighted,7,3,6322,2311,3149
490,pangeblocks,C-3107,mafft.op3-ep0,weighted,7,3,5749,2151,2911
491,pangeblocks,A-3105,mafft.op3-ep0,weighted,7,3,59769,846,1149
492,pangeblocks,DPB1-3115,mafft.op3-ep0,weighted,7,3,14091,875,1173
493,pangeblocks,H-3136,mafft.op3-ep0,weighted,7,3,3424,231,309
494,pangeblocks,E-3133,mafft.op3-ep0,weighted,7,3,4806,13,16
495,pangeblocks,DMA-3108,mafft.op3-ep0,weighted,7,3,7502,2489,3326
496,pangeblocks,DOA-3111,mafft.op3-ep0,weighted,7,3,9420,1885,2529
497,pangeblocks,DOB-3112,mafft.op3-ep0,weighted,7,3,10252,2970,4300
498,pangeblocks,DPA1-3113,mafft.op3-ep0,weighted,7,3,26718,10125,13540
499,pangeblocks,MICA-100507436,mafft.op3-ep0,weighted,7,3,15780,397,534
500,pangeblocks,DQA1-3117,mafft.op3-ep0,weighted,7,3,19009,1484,1999
501,pangeblocks,DRB3-3125,mafft.op3-ep0,weighted,7,3,13388,622,843
502,pangeblocks,TAP2-6891,mafft.op3-ep0,weighted,7,3,28307,10309,13798
503,pangeblocks,DQB1-3119,mafft.op3-ep0,weighted,7,3,14004,5791,8047
504,pangeblocks,L-3139,mafft.op3-ep0,weighted,5,10,7476,242,325
505,pangeblocks,V-352962,mafft.op3-ep0,weighted,5,10,1100,54,74
506,pangeblocks,DRB4-3126,mafft.op3-ep0,weighted,5,10,15082,249,335
507,pangeblocks,DRB5-3127,mafft.op3-ep0,weighted,5,10,38570,5,6
508,pangeblocks,MICB-4277,mafft.op3-ep0,weighted,5,10,17072,641,878
509,pangeblocks,DRB1-3123,mafft.op3-ep0,weighted,5,10,27821,8703,12074
510,pangeblocks,DMA-3108,mafft.op3-ep0,weighted,5,10,7502,2489,3326
511,pangeblocks,DOA-3111,mafft.op3-ep0,weighted,5,10,9420,1885,2529
512,pangeblocks,DOB-3112,mafft.op3-ep0,weighted,5,10,10252,2970,4300
513,pangeblocks,F-3134,mafft.op3-ep0,weighted,5,10,16128,85,116
514,pangeblocks,G-3135,mafft.op3-ep0,weighted,5,10,4213,165,220
515,pangeblocks,J-3137,mafft.op3-ep0,weighted,5,10,4022,106,142
516,pangeblocks,K-3138,mafft.op3-ep0,weighted,5,10,3301,322,435
517,pangeblocks,TAP1-6890,mafft.op3-ep0,weighted,5,10,14589,5353,7150
518,pangeblocks,DPB1-3115,mafft.op3-ep0,weighted,5,10,14091,875,1173
519,pangeblocks,H-3136,mafft.op3-ep0,weighted,5,10,3424,231,309
520,pangeblocks,DMB-3109,mafft.op3-ep0,weighted,5,10,6580,53,70
521,pangeblocks,E-3133,mafft.op3-ep0,weighted,5,10,4806,13,16
522,pangeblocks,B-3106,mafft.op3-ep0,weighted,5,10,6322,2311,3149
523,pangeblocks,C-3107,mafft.op3-ep0,weighted,5,10,5749,2151,2911
524,pangeblocks,A-3105,mafft.op3-ep0,weighted,5,10,59769,846,1149
525,pangeblocks,DPA1-3113,mafft.op3-ep0,weighted,5,10,26718,10125,13540
526,pangeblocks,DRB3-3125,mafft.op3-ep0,weighted,5,10,13388,622,843
527,pangeblocks,DQA1-3117,mafft.op3-ep0,weighted,5,10,19009,1484,1999
528,pangeblocks,TAP2-6891,mafft.op3-ep0,weighted,5,10,28307,10309,13798
529,pangeblocks,DQB1-3119,mafft.op3-ep0,weighted,5,10,14004,5791,8047
530,pangeblocks,MICA-100507436,mafft.op3-ep0,weighted,5,10,15780,397,534
531,pangeblocks,DRA-3122,mafft.op3-ep0,weighted,5,10,8726,3223,4313
532,pangeblocks,DRA-3122,mafft.op3-ep0,weighted,5,5,8726,3223,4313
533,pangeblocks,TAP1-6890,mafft.op3-ep0,weighted,5,5,14589,5353,7150
534,pangeblocks,L-3139,mafft.op3-ep0,weighted,5,5,7476,242,325
535,pangeblocks,DRB1-3123,mafft.op3-ep0,weighted,5,5,27821,8703,12074
536,pangeblocks,MICB-4277,mafft.op3-ep0,weighted,5,5,17072,641,878
537,pangeblocks,J-3137,mafft.op3-ep0,weighted,5,5,4022,106,142
538,pangeblocks,DMB-3109,mafft.op3-ep0,weighted,5,5,6580,53,70
539,pangeblocks,K-3138,mafft.op3-ep0,weighted,5,5,3301,322,435
540,pangeblocks,G-3135,mafft.op3-ep0,weighted,5,5,4213,165,220
541,pangeblocks,DRB4-3126,mafft.op3-ep0,weighted,5,5,15082,249,335
542,pangeblocks,DRB5-3127,mafft.op3-ep0,weighted,5,5,38570,5,6
543,pangeblocks,F-3134,mafft.op3-ep0,weighted,5,5,16128,85,116
544,pangeblocks,E-3133,mafft.op3-ep0,weighted,5,5,4806,13,16
545,pangeblocks,H-3136,mafft.op3-ep0,weighted,5,5,3424,231,309
546,pangeblocks,TAP2-6891,mafft.op3-ep0,weighted,5,5,28307,10309,13798
547,pangeblocks,A-3105,mafft.op3-ep0,weighted,5,5,59769,846,1149
548,pangeblocks,DOB-3112,mafft.op3-ep0,weighted,5,5,10252,2970,4300
549,pangeblocks,DQB1-3119,mafft.op3-ep0,weighted,5,5,14004,5791,8047
550,pangeblocks,C-3107,mafft.op3-ep0,weighted,5,5,5749,2151,2911
551,pangeblocks,DPA1-3113,mafft.op3-ep0,weighted,5,5,26718,10125,13540
552,pangeblocks,DQA1-3117,mafft.op3-ep0,weighted,5,5,19009,1484,1999
553,pangeblocks,DRB3-3125,mafft.op3-ep0,weighted,5,5,13388,622,843
554,pangeblocks,B-3106,mafft.op3-ep0,weighted,5,5,6322,2311,3149
555,pangeblocks,DOA-3111,mafft.op3-ep0,weighted,5,5,9420,1885,2529
556,pangeblocks,DMA-3108,mafft.op3-ep0,weighted,5,5,7502,2489,3326
557,pangeblocks,DPB1-3115,mafft.op3-ep0,weighted,5,5,14091,875,1173
558,pangeblocks,MICA-100507436,mafft.op3-ep0,weighted,5,5,15780,397,534
559,pangeblocks,V-352962,mafft.op3-ep0,weighted,5,5,1100,54,74
560,pangeblocks,DPB1-3115,mafft.op3-ep0,weighted,3,10,14091,875,1173
561,pangeblocks,J-3137,mafft.op3-ep0,weighted,3,10,4022,106,142
562,pangeblocks,K-3138,mafft.op3-ep0,weighted,3,10,3301,322,435
563,pangeblocks,F-3134,mafft.op3-ep0,weighted,3,10,16128,85,116
564,pangeblocks,G-3135,mafft.op3-ep0,weighted,3,10,4213,165,220
565,pangeblocks,DOA-3111,mafft.op3-ep0,weighted,3,10,9420,1885,2529
566,pangeblocks,DOB-3112,mafft.op3-ep0,weighted,3,10,10252,2970,4300
567,pangeblocks,DPA1-3113,mafft.op3-ep0,weighted,3,10,26718,10125,13540
568,pangeblocks,DQA1-3117,mafft.op3-ep0,weighted,3,10,19009,1484,1999
569,pangeblocks,DRB3-3125,mafft.op3-ep0,weighted,3,10,13388,622,843
570,pangeblocks,TAP2-6891,mafft.op3-ep0,weighted,3,10,28307,10309,13798
571,pangeblocks,DQB1-3119,mafft.op3-ep0,weighted,3,10,14004,5791,8047
572,pangeblocks,DMA-3108,mafft.op3-ep0,weighted,3,10,7502,2489,3326
573,pangeblocks,V-352962,mafft.op3-ep0,weighted,3,10,1100,54,74
574,pangeblocks,L-3139,mafft.op3-ep0,weighted,3,10,7476,242,325
575,pangeblocks,DRB4-3126,mafft.op3-ep0,weighted,3,10,15082,249,335
576,pangeblocks,DRB5-3127,mafft.op3-ep0,weighted,3,10,38570,5,6
577,pangeblocks,DRA-3122,mafft.op3-ep0,weighted,3,10,8726,3223,4313
578,pangeblocks,MICB-4277,mafft.op3-ep0,weighted,3,10,17072,641,878
579,pangeblocks,DRB1-3123,mafft.op3-ep0,weighted,3,10,27821,8703,12074
580,pangeblocks,MICA-100507436,mafft.op3-ep0,weighted,3,10,15780,397,534
581,pangeblocks,A-3105,mafft.op3-ep0,weighted,3,10,59769,846,1149
582,pangeblocks,B-3106,mafft.op3-ep0,weighted,3,10,6322,2311,3149
583,pangeblocks,C-3107,mafft.op3-ep0,weighted,3,10,5749,2151,2911
584,pangeblocks,E-3133,mafft.op3-ep0,weighted,3,10,4806,13,16
585,pangeblocks,DMB-3109,mafft.op3-ep0,weighted,3,10,6580,53,70
586,pangeblocks,TAP1-6890,mafft.op3-ep0,weighted,3,10,14589,5353,7150
587,pangeblocks,H-3136,mafft.op3-ep0,weighted,3,10,3424,231,309
588,pangeblocks,DRB5-3127,mafft.op3-ep0,strings,0,0,38570,5,6
589,pangeblocks,DRB4-3126,mafft.op3-ep0,strings,0,0,15082,249,335
590,pangeblocks,DRB1-3123,mafft.op3-ep0,strings,0,0,38843,11282,17194
591,pangeblocks,DRA-3122,mafft.op3-ep0,strings,0,0,12079,3952,5762
592,pangeblocks,MICB-4277,mafft.op3-ep0,strings,0,0,17179,648,892
593,pangeblocks,L-3139,mafft.op3-ep0,strings,0,0,7620,244,329
594,pangeblocks,K-3138,mafft.op3-ep0,strings,0,0,3313,327,445
595,pangeblocks,J-3137,mafft.op3-ep0,strings,0,0,4052,108,146
596,pangeblocks,MICA-100507436,mafft.op3-ep0,strings,0,0,19567,401,542
597,pangeblocks,G-3135,mafft.op3-ep0,strings,0,0,4213,165,220
598,pangeblocks,F-3134,mafft.op3-ep0,strings,0,0,16159,89,124
599,pangeblocks,DMB-3109,mafft.op3-ep0,strings,0,0,6658,59,82
600,pangeblocks,TAP1-6890,mafft.op3-ep0,strings,0,0,18333,6080,8604
601,pangeblocks,DOA-3111,mafft.op3-ep0,strings,0,0,15111,2273,3305
602,pangeblocks,A-3105,mafft.op3-ep0,strings,0,0,60005,922,1301
603,pangeblocks,C-3107,mafft.op3-ep0,strings,0,0,10036,2897,4397
604,pangeblocks,DOB-3112,mafft.op3-ep0,strings,0,0,11506,3258,4876
605,pangeblocks,DPB1-3115,mafft.op3-ep0,strings,0,0,14249,923,1269
606,pangeblocks,B-3106,mafft.op3-ep0,strings,0,0,8931,2882,4292
607,pangeblocks,E-3133,mafft.op3-ep0,strings,0,0,4806,13,16
608,pangeblocks,H-3136,mafft.op3-ep0,strings,0,0,3428,234,315
609,pangeblocks,DQB1-3119,mafft.op3-ep0,strings,0,0,18601,6956,10361
610,pangeblocks,TAP2-6891,mafft.op3-ep0,strings,0,0,46606,14074,21327
611,pangeblocks,V-352962,mafft.op3-ep0,strings,0,0,1116,62,90
612,pangeblocks,DRB3-3125,mafft.op3-ep0,strings,0,0,13390,623,845
613,pangeblocks,DQA1-3117,mafft.op3-ep0,strings,0,0,20297,1556,2143
614,pangeblocks,DPA1-3113,mafft.op3-ep0,strings,0,0,40823,13060,19410
615,pangeblocks,DMA-3108,mafft.op3-ep0,strings,0,0,8272,2596,3540
616,pangeblocks,B-3106,mafft.op5-ep0,weighted,3,5,6394,2247,3057
617,pangeblocks,DOB-3112,mafft.op5-ep0,weighted,3,5,10621,2843,4122
618,pangeblocks,DQB1-3119,mafft.op5-ep0,weighted,3,5,14116,5679,7898
619,pangeblocks,C-3107,mafft.op5-ep0,weighted,3,5,6029,2240,3039
620,pangeblocks,TAP2-6891,mafft.op5-ep0,weighted,3,5,28529,10223,13675
621,pangeblocks,DRB3-3125,mafft.op5-ep0,weighted,3,5,13388,622,843
622,pangeblocks,DQA1-3117,mafft.op5-ep0,weighted,3,5,19027,1495,2013
623,pangeblocks,A-3105,mafft.op5-ep0,weighted,3,5,59773,843,1145
624,pangeblocks,DOA-3111,mafft.op5-ep0,weighted,3,5,9631,1892,2530
625,pangeblocks,DPA1-3113,mafft.op5-ep0,weighted,3,5,27532,9178,12260
626,pangeblocks,H-3136,mafft.op5-ep0,weighted,3,5,3424,231,309
627,pangeblocks,E-3133,mafft.op5-ep0,weighted,3,5,4806,13,16
628,pangeblocks,V-352962,mafft.op5-ep0,weighted,3,5,1100,54,74
629,pangeblocks,DPB1-3115,mafft.op5-ep0,weighted,3,5,14091,875,1173
630,pangeblocks,DMA-3108,mafft.op5-ep0,weighted,3,5,7628,2560,3417
631,pangeblocks,MICA-100507436,mafft.op5-ep0,weighted,3,5,15780,397,534
632,pangeblocks,TAP1-6890,mafft.op5-ep0,weighted,3,5,14762,5006,6681
633,pangeblocks,L-3139,mafft.op5-ep0,weighted,3,5,7476,242,325
634,pangeblocks,DRA-3122,mafft.op5-ep0,weighted,3,5,8821,3178,4253
635,pangeblocks,F-3134,mafft.op5-ep0,weighted,3,5,16139,96,130
636,pangeblocks,DMB-3109,mafft.op5-ep0,weighted,3,5,6580,53,70
637,pangeblocks,G-3135,mafft.op5-ep0,weighted,3,5,4213,165,220
638,pangeblocks,J-3137,mafft.op5-ep0,weighted,3,5,4033,120,160
639,pangeblocks,DRB5-3127,mafft.op5-ep0,weighted,3,5,38570,5,6
640,pangeblocks,K-3138,mafft.op5-ep0,weighted,3,5,3301,322,435
641,pangeblocks,DRB4-3126,mafft.op5-ep0,weighted,3,5,15081,247,332
642,pangeblocks,DRB1-3123,mafft.op5-ep0,weighted,3,5,28419,9020,12570
643,pangeblocks,MICB-4277,mafft.op5-ep0,weighted,3,5,17072,641,878
644,pangeblocks,DRB4-3126,mafft.op5-ep0,weighted,7,3,15081,247,332
645,pangeblocks,DRB5-3127,mafft.op5-ep0,weighted,7,3,38570,5,6
646,pangeblocks,DOB-3112,mafft.op5-ep0,weighted,7,3,10621,2843,4122
647,pangeblocks,MICA-100507436,mafft.op5-ep0,weighted,7,3,15780,397,534
648,pangeblocks,DOA-3111,mafft.op5-ep0,weighted,7,3,9631,1892,2530
649,pangeblocks,MICB-4277,mafft.op5-ep0,weighted,7,3,17072,641,878
650,pangeblocks,DRB1-3123,mafft.op5-ep0,weighted,7,3,28419,9020,12570
651,pangeblocks,H-3136,mafft.op5-ep0,weighted,7,3,3424,231,309
652,pangeblocks,E-3133,mafft.op5-ep0,weighted,7,3,4806,13,16
653,pangeblocks,V-352962,mafft.op5-ep0,weighted,7,3,1100,54,74
654,pangeblocks,B-3106,mafft.op5-ep0,weighted,7,3,6394,2247,3057
655,pangeblocks,DMA-3108,mafft.op5-ep0,weighted,7,3,7628,2560,3417
656,pangeblocks,C-3107,mafft.op5-ep0,weighted,7,3,6029,2240,3039
657,pangeblocks,A-3105,mafft.op5-ep0,weighted,7,3,59773,843,1145
658,pangeblocks,TAP1-6890,mafft.op5-ep0,weighted,7,3,14762,5006,6681
659,pangeblocks,DPB1-3115,mafft.op5-ep0,weighted,7,3,14091,875,1173
660,pangeblocks,DRA-3122,mafft.op5-ep0,weighted,7,3,8821,3178,4253
661,pangeblocks,F-3134,mafft.op5-ep0,weighted,7,3,16139,96,130
662,pangeblocks,G-3135,mafft.op5-ep0,weighted,7,3,4213,165,220
663,pangeblocks,K-3138,mafft.op5-ep0,weighted,7,3,3301,322,435
664,pangeblocks,J-3137,mafft.op5-ep0,weighted,7,3,4033,120,160
665,pangeblocks,L-3139,mafft.op5-ep0,weighted,7,3,7476,242,325
666,pangeblocks,DPA1-3113,mafft.op5-ep0,weighted,7,3,27532,9178,12260
667,pangeblocks,DQA1-3117,mafft.op5-ep0,weighted,7,3,19027,1495,2013
668,pangeblocks,DRB3-3125,mafft.op5-ep0,weighted,7,3,13388,622,843
669,pangeblocks,DMB-3109,mafft.op5-ep0,weighted,7,3,6580,53,70
670,pangeblocks,TAP2-6891,mafft.op5-ep0,weighted,7,3,28529,10223,13675
671,pangeblocks,DQB1-3119,mafft.op5-ep0,weighted,7,3,14116,5679,7898
672,pangeblocks,DPB1-3115,mafft.op5-ep0,weighted,5,5,14091,875,1173
673,pangeblocks,DOA-3111,mafft.op5-ep0,weighted,5,5,9631,1892,2530
674,pangeblocks,DOB-3112,mafft.op5-ep0,weighted,5,5,10621,2843,4122
675,pangeblocks,E-3133,mafft.op5-ep0,weighted,5,5,4806,13,16
676,pangeblocks,DMA-3108,mafft.op5-ep0,weighted,5,5,7628,2560,3417
677,pangeblocks,H-3136,mafft.op5-ep0,weighted,5,5,3424,231,309
678,pangeblocks,A-3105,mafft.op5-ep0,weighted,5,5,59773,843,1145
679,pangeblocks,DQA1-3117,mafft.op5-ep0,weighted,5,5,19027,1495,2013
680,pangeblocks,DRB3-3125,mafft.op5-ep0,weighted,5,5,13388,622,843
681,pangeblocks,DPA1-3113,mafft.op5-ep0,weighted,5,5,27532,9178,12260
682,pangeblocks,V-352962,mafft.op5-ep0,weighted,5,5,1100,54,74
683,pangeblocks,DQB1-3119,mafft.op5-ep0,weighted,5,5,14116,5679,7898
684,pangeblocks,B-3106,mafft.op5-ep0,weighted,5,5,6394,2247,3057
685,pangeblocks,MICA-100507436,mafft.op5-ep0,weighted,5,5,15780,397,534
686,pangeblocks,TAP2-6891,mafft.op5-ep0,weighted,5,5,28529,10223,13675
687,pangeblocks,C-3107,mafft.op5-ep0,weighted,5,5,6029,2240,3039
688,pangeblocks,MICB-4277,mafft.op5-ep0,weighted,5,5,17072,641,878
689,pangeblocks,DRA-3122,mafft.op5-ep0,weighted,5,5,8821,3178,4253
690,pangeblocks,DRB1-3123,mafft.op5-ep0,weighted,5,5,28419,9020,12570
691,pangeblocks,DRB5-3127,mafft.op5-ep0,weighted,5,5,38570,5,6
692,pangeblocks,K-3138,mafft.op5-ep0,weighted,5,5,3301,322,435
693,pangeblocks,J-3137,mafft.op5-ep0,weighted,5,5,4033,120,160
694,pangeblocks,DRB4-3126,mafft.op5-ep0,weighted,5,5,15081,247,332
695,pangeblocks,F-3134,mafft.op5-ep0,weighted,5,5,16139,96,130
696,pangeblocks,G-3135,mafft.op5-ep0,weighted,5,5,4213,165,220
697,pangeblocks,L-3139,mafft.op5-ep0,weighted,5,5,7476,242,325
698,pangeblocks,TAP1-6890,mafft.op5-ep0,weighted,5,5,14762,5006,6681
699,pangeblocks,DMB-3109,mafft.op5-ep0,weighted,5,5,6580,53,70
700,pangeblocks,MICA-100507436,mafft.op5-ep0,weighted,3,3,15780,397,534
701,pangeblocks,DOA-3111,mafft.op5-ep0,weighted,3,3,9631,1892,2530
702,pangeblocks,DOB-3112,mafft.op5-ep0,weighted,3,3,10621,2843,4122
703,pangeblocks,DPB1-3115,mafft.op5-ep0,weighted,3,3,14091,875,1173
704,pangeblocks,L-3139,mafft.op5-ep0,weighted,3,3,7476,242,325
705,pangeblocks,J-3137,mafft.op5-ep0,weighted,3,3,4033,120,160
706,pangeblocks,K-3138,mafft.op5-ep0,weighted,3,3,3301,322,435
707,pangeblocks,V-352962,mafft.op5-ep0,weighted,3,3,1100,54,74
708,pangeblocks,F-3134,mafft.op5-ep0,weighted,3,3,16139,96,130
709,pangeblocks,G-3135,mafft.op5-ep0,weighted,3,3,4213,165,220
710,pangeblocks,DPA1-3113,mafft.op5-ep0,weighted,3,3,27532,9178,12260
711,pangeblocks,DRB3-3125,mafft.op5-ep0,weighted,3,3,13388,622,843
712,pangeblocks,DQA1-3117,mafft.op5-ep0,weighted,3,3,19027,1495,2013
713,pangeblocks,TAP2-6891,mafft.op5-ep0,weighted,3,3,28529,10223,13675
714,pangeblocks,DMA-3108,mafft.op5-ep0,weighted,3,3,7628,2560,3417
715,pangeblocks,DQB1-3119,mafft.op5-ep0,weighted,3,3,14116,5679,7898
716,pangeblocks,A-3105,mafft.op5-ep0,weighted,3,3,59773,843,1145
717,pangeblocks,MICB-4277,mafft.op5-ep0,weighted,3,3,17072,641,878
718,pangeblocks,B-3106,mafft.op5-ep0,weighted,3,3,6394,2247,3057
719,pangeblocks,DRB1-3123,mafft.op5-ep0,weighted,3,3,28419,9020,12570
720,pangeblocks,C-3107,mafft.op5-ep0,weighted,3,3,6029,2240,3039
721,pangeblocks,E-3133,mafft.op5-ep0,weighted,3,3,4806,13,16
722,pangeblocks,DRB4-3126,mafft.op5-ep0,weighted,3,3,15081,247,332
723,pangeblocks,DRB5-3127,mafft.op5-ep0,weighted,3,3,38570,5,6
724,pangeblocks,DRA-3122,mafft.op5-ep0,weighted,3,3,8821,3178,4253
725,pangeblocks,H-3136,mafft.op5-ep0,weighted,3,3,3424,231,309
726,pangeblocks,TAP1-6890,mafft.op5-ep0,weighted,3,3,14762,5006,6681
727,pangeblocks,DMB-3109,mafft.op5-ep0,weighted,3,3,6580,53,70
728,pangeblocks,TAP1-6890,mafft.op5-ep0,weighted,7,10,14762,5006,6681
729,pangeblocks,DMB-3109,mafft.op5-ep0,weighted,7,10,6580,53,70
730,pangeblocks,MICA-100507436,mafft.op5-ep0,weighted,7,10,15780,397,534
731,pangeblocks,E-3133,mafft.op5-ep0,weighted,7,10,4806,13,16
732,pangeblocks,DRB4-3126,mafft.op5-ep0,weighted,7,10,15081,247,332
733,pangeblocks,H-3136,mafft.op5-ep0,weighted,7,10,3424,231,309
734,pangeblocks,DRA-3122,mafft.op5-ep0,weighted,7,10,8821,3178,4253
735,pangeblocks,DRB5-3127,mafft.op5-ep0,weighted,7,10,38570,5,6
736,pangeblocks,DRB1-3123,mafft.op5-ep0,weighted,7,10,28419,9020,12570
737,pangeblocks,A-3105,mafft.op5-ep0,weighted,7,10,59773,843,1145
738,pangeblocks,C-3107,mafft.op5-ep0,weighted,7,10,6029,2240,3039
739,pangeblocks,MICB-4277,mafft.op5-ep0,weighted,7,10,17072,641,878
740,pangeblocks,B-3106,mafft.op5-ep0,weighted,7,10,6394,2247,3057
741,pangeblocks,TAP2-6891,mafft.op5-ep0,weighted,7,10,28529,10223,13675
742,pangeblocks,DQB1-3119,mafft.op5-ep0,weighted,7,10,14116,5679,7898
743,pangeblocks,DPA1-3113,mafft.op5-ep0,weighted,7,10,27532,9178,12260
744,pangeblocks,DMA-3108,mafft.op5-ep0,weighted,7,10,7628,2560,3417
745,pangeblocks,DQA1-3117,mafft.op5-ep0,weighted,7,10,19027,1495,2013
746,pangeblocks,DRB3-3125,mafft.op5-ep0,weighted,7,10,13388,622,843
747,pangeblocks,V-352962,mafft.op5-ep0,weighted,7,10,1100,54,74
748,pangeblocks,J-3137,mafft.op5-ep0,weighted,7,10,4033,120,160
749,pangeblocks,K-3138,mafft.op5-ep0,weighted,7,10,3301,322,435
750,pangeblocks,G-3135,mafft.op5-ep0,weighted,7,10,4213,165,220
751,pangeblocks,F-3134,mafft.op5-ep0,weighted,7,10,16139,96,130
752,pangeblocks,DPB1-3115,mafft.op5-ep0,weighted,7,10,14091,875,1173
753,pangeblocks,L-3139,mafft.op5-ep0,weighted,7,10,7476,242,325
754,pangeblocks,DOA-3111,mafft.op5-ep0,weighted,7,10,9631,1892,2530
755,pangeblocks,DOB-3112,mafft.op5-ep0,weighted,7,10,10621,2843,4122
756,pangeblocks,A-3105,mafft.op5-ep0,weighted,5,10,59773,843,1145
757,pangeblocks,B-3106,mafft.op5-ep0,weighted,5,10,6394,2247,3057
758,pangeblocks,C-3107,mafft.op5-ep0,weighted,5,10,6029,2240,3039
759,pangeblocks,DPB1-3115,mafft.op5-ep0,weighted,5,10,14091,875,1173
760,pangeblocks,DRA-3122,mafft.op5-ep0,weighted,5,10,8821,3178,4253
761,pangeblocks,E-3133,mafft.op5-ep0,weighted,5,10,4806,13,16
762,pangeblocks,H-3136,mafft.op5-ep0,weighted,5,10,3424,231,309
763,pangeblocks,DMB-3109,mafft.op5-ep0,weighted,5,10,6580,53,70
764,pangeblocks,DPA1-3113,mafft.op5-ep0,weighted,5,10,27532,9178,12260
765,pangeblocks,DQA1-3117,mafft.op5-ep0,weighted,5,10,19027,1495,2013
766,pangeblocks,DRB3-3125,mafft.op5-ep0,weighted,5,10,13388,622,843
767,pangeblocks,TAP2-6891,mafft.op5-ep0,weighted,5,10,28529,10223,13675
768,pangeblocks,DQB1-3119,mafft.op5-ep0,weighted,5,10,14116,5679,7898
769,pangeblocks,DOB-3112,mafft.op5-ep0,weighted,5,10,10621,2843,4122
770,pangeblocks,MICB-4277,mafft.op5-ep0,weighted,5,10,17072,641,878
771,pangeblocks,DRB1-3123,mafft.op5-ep0,weighted,5,10,28419,9020,12570
772,pangeblocks,DOA-3111,mafft.op5-ep0,weighted,5,10,9631,1892,2530
773,pangeblocks,DRB4-3126,mafft.op5-ep0,weighted,5,10,15081,247,332
774,pangeblocks,DRB5-3127,mafft.op5-ep0,weighted,5,10,38570,5,6
775,pangeblocks,L-3139,mafft.op5-ep0,weighted,5,10,7476,242,325
776,pangeblocks,J-3137,mafft.op5-ep0,weighted,5,10,4033,120,160
777,pangeblocks,K-3138,mafft.op5-ep0,weighted,5,10,3301,322,435
778,pangeblocks,F-3134,mafft.op5-ep0,weighted,5,10,16139,96,130
779,pangeblocks,TAP1-6890,mafft.op5-ep0,weighted,5,10,14762,5006,6681
780,pangeblocks,V-352962,mafft.op5-ep0,weighted,5,10,1100,54,74
781,pangeblocks,G-3135,mafft.op5-ep0,weighted,5,10,4213,165,220
782,pangeblocks,DMA-3108,mafft.op5-ep0,weighted,5,10,7628,2560,3417
783,pangeblocks,MICA-100507436,mafft.op5-ep0,weighted,5,10,15780,397,534
784,pangeblocks,DQB1-3119,mafft.op5-ep0,weighted,3,10,14116,5679,7898
785,pangeblocks,TAP2-6891,mafft.op5-ep0,weighted,3,10,28529,10223,13675
786,pangeblocks,E-3133,mafft.op5-ep0,weighted,3,10,4806,13,16
787,pangeblocks,H-3136,mafft.op5-ep0,weighted,3,10,3424,231,309
788,pangeblocks,DQA1-3117,mafft.op5-ep0,weighted,3,10,19027,1495,2013
789,pangeblocks,DRB3-3125,mafft.op5-ep0,weighted,3,10,13388,622,843
790,pangeblocks,DPA1-3113,mafft.op5-ep0,weighted,3,10,27532,9178,12260
791,pangeblocks,DOA-3111,mafft.op5-ep0,weighted,3,10,9631,1892,2530
792,pangeblocks,A-3105,mafft.op5-ep0,weighted,3,10,59773,843,1145
793,pangeblocks,C-3107,mafft.op5-ep0,weighted,3,10,6029,2240,3039
794,pangeblocks,DOB-3112,mafft.op5-ep0,weighted,3,10,10621,2843,4122
795,pangeblocks,B-3106,mafft.op5-ep0,weighted,3,10,6394,2247,3057
796,pangeblocks,MICA-100507436,mafft.op5-ep0,weighted,3,10,15780,397,534
797,pangeblocks,DPB1-3115,mafft.op5-ep0,weighted,3,10,14091,875,1173
798,pangeblocks,DMA-3108,mafft.op5-ep0,weighted,3,10,7628,2560,3417
799,pangeblocks,V-352962,mafft.op5-ep0,weighted,3,10,1100,54,74
800,pangeblocks,DRA-3122,mafft.op5-ep0,weighted,3,10,8821,3178,4253
801,pangeblocks,L-3139,mafft.op5-ep0,weighted,3,10,7476,242,325
802,pangeblocks,TAP1-6890,mafft.op5-ep0,weighted,3,10,14762,5006,6681
803,pangeblocks,DRB5-3127,mafft.op5-ep0,weighted,3,10,38570,5,6
804,pangeblocks,DRB4-3126,mafft.op5-ep0,weighted,3,10,15081,247,332
805,pangeblocks,K-3138,mafft.op5-ep0,weighted,3,10,3301,322,435
806,pangeblocks,J-3137,mafft.op5-ep0,weighted,3,10,4033,120,160
807,pangeblocks,DRB1-3123,mafft.op5-ep0,weighted,3,10,28419,9020,12570
808,pangeblocks,G-3135,mafft.op5-ep0,weighted,3,10,4213,165,220
809,pangeblocks,DMB-3109,mafft.op5-ep0,weighted,3,10,6580,53,70
810,pangeblocks,MICB-4277,mafft.op5-ep0,weighted,3,10,17072,641,878
811,pangeblocks,F-3134,mafft.op5-ep0,weighted,3,10,16139,96,130
812,pangeblocks,L-3139,mafft.op5-ep0,weighted,7,5,7476,242,325
813,pangeblocks,DRB4-3126,mafft.op5-ep0,weighted,7,5,15081,247,332
814,pangeblocks,DRB5-3127,mafft.op5-ep0,weighted,7,5,38570,5,6
815,pangeblocks,DRB1-3123,mafft.op5-ep0,weighted,7,5,28419,9020,12570
816,pangeblocks,MICB-4277,mafft.op5-ep0,weighted,7,5,17072,641,878
817,pangeblocks,DMB-3109,mafft.op5-ep0,weighted,7,5,6580,53,70
818,pangeblocks,DRA-3122,mafft.op5-ep0,weighted,7,5,8821,3178,4253
819,pangeblocks,G-3135,mafft.op5-ep0,weighted,7,5,4213,165,220
820,pangeblocks,TAP1-6890,mafft.op5-ep0,weighted,7,5,14762,5006,6681
821,pangeblocks,F-3134,mafft.op5-ep0,weighted,7,5,16139,96,130
822,pangeblocks,K-3138,mafft.op5-ep0,weighted,7,5,3301,322,435
823,pangeblocks,J-3137,mafft.op5-ep0,weighted,7,5,4033,120,160
824,pangeblocks,H-3136,mafft.op5-ep0,weighted,7,5,3424,231,309
825,pangeblocks,DPB1-3115,mafft.op5-ep0,weighted,7,5,14091,875,1173
826,pangeblocks,MICA-100507436,mafft.op5-ep0,weighted,7,5,15780,397,534
827,pangeblocks,DMA-3108,mafft.op5-ep0,weighted,7,5,7628,2560,3417
828,pangeblocks,E-3133,mafft.op5-ep0,weighted,7,5,4806,13,16
829,pangeblocks,C-3107,mafft.op5-ep0,weighted,7,5,6029,2240,3039
830,pangeblocks,B-3106,mafft.op5-ep0,weighted,7,5,6394,2247,3057
831,pangeblocks,V-352962,mafft.op5-ep0,weighted,7,5,1100,54,74
832,pangeblocks,A-3105,mafft.op5-ep0,weighted,7,5,59773,843,1145
833,pangeblocks,TAP2-6891,mafft.op5-ep0,weighted,7,5,28529,10223,13675
834,pangeblocks,DQB1-3119,mafft.op5-ep0,weighted,7,5,14116,5679,7898
835,pangeblocks,DPA1-3113,mafft.op5-ep0,weighted,7,5,27532,9178,12260
836,pangeblocks,DRB3-3125,mafft.op5-ep0,weighted,7,5,13388,622,843
837,pangeblocks,DQA1-3117,mafft.op5-ep0,weighted,7,5,19027,1495,2013
838,pangeblocks,DOA-3111,mafft.op5-ep0,weighted,7,5,9631,1892,2530
839,pangeblocks,DOB-3112,mafft.op5-ep0,weighted,7,5,10621,2843,4122
840,pangeblocks,G-3135,mafft.op5-ep0,weighted,5,3,4213,165,220
841,pangeblocks,DRA-3122,mafft.op5-ep0,weighted,5,3,8821,3178,4253
842,pangeblocks,F-3134,mafft.op5-ep0,weighted,5,3,16139,96,130
843,pangeblocks,DPB1-3115,mafft.op5-ep0,weighted,5,3,14091,875,1173
844,pangeblocks,J-3137,mafft.op5-ep0,weighted,5,3,4033,120,160
845,pangeblocks,K-3138,mafft.op5-ep0,weighted,5,3,3301,322,435
846,pangeblocks,TAP2-6891,mafft.op5-ep0,weighted,5,3,28529,10223,13675
847,pangeblocks,DQB1-3119,mafft.op5-ep0,weighted,5,3,14116,5679,7898
848,pangeblocks,DPA1-3113,mafft.op5-ep0,weighted,5,3,27532,9178,12260
849,pangeblocks,DQA1-3117,mafft.op5-ep0,weighted,5,3,19027,1495,2013
850,pangeblocks,DRB3-3125,mafft.op5-ep0,weighted,5,3,13388,622,843
851,pangeblocks,DMB-3109,mafft.op5-ep0,weighted,5,3,6580,53,70
852,pangeblocks,L-3139,mafft.op5-ep0,weighted,5,3,7476,242,325
853,pangeblocks,MICA-100507436,mafft.op5-ep0,weighted,5,3,15780,397,534
854,pangeblocks,DRB4-3126,mafft.op5-ep0,weighted,5,3,15081,247,332
855,pangeblocks,DRB5-3127,mafft.op5-ep0,weighted,5,3,38570,5,6
856,pangeblocks,DRB1-3123,mafft.op5-ep0,weighted,5,3,28419,9020,12570
857,pangeblocks,DOB-3112,mafft.op5-ep0,weighted,5,3,10621,2843,4122
858,pangeblocks,DOA-3111,mafft.op5-ep0,weighted,5,3,9631,1892,2530
859,pangeblocks,MICB-4277,mafft.op5-ep0,weighted,5,3,17072,641,878
860,pangeblocks,C-3107,mafft.op5-ep0,weighted,5,3,6029,2240,3039
861,pangeblocks,B-3106,mafft.op5-ep0,weighted,5,3,6394,2247,3057
862,pangeblocks,DMA-3108,mafft.op5-ep0,weighted,5,3,7628,2560,3417
863,pangeblocks,A-3105,mafft.op5-ep0,weighted,5,3,59773,843,1145
864,pangeblocks,H-3136,mafft.op5-ep0,weighted,5,3,3424,231,309
865,pangeblocks,TAP1-6890,mafft.op5-ep0,weighted,5,3,14762,5006,6681
866,pangeblocks,V-352962,mafft.op5-ep0,weighted,5,3,1100,54,74
867,pangeblocks,E-3133,mafft.op5-ep0,weighted,5,3,4806,13,16
868,pangeblocks,MICB-4277,mafft.op5-ep0,strings,0,0,17175,646,888
869,pangeblocks,DRA-3122,mafft.op5-ep0,strings,0,0,12270,3902,5698
870,pangeblocks,DRB1-3123,mafft.op5-ep0,strings,0,0,39002,11528,17539
871,pangeblocks,G-3135,mafft.op5-ep0,strings,0,0,4213,165,220
872,pangeblocks,DRB4-3126,mafft.op5-ep0,strings,0,0,15081,247,332
873,pangeblocks,DRB5-3127,mafft.op5-ep0,strings,0,0,38570,5,6
874,pangeblocks,F-3134,mafft.op5-ep0,strings,0,0,16179,102,142
875,pangeblocks,K-3138,mafft.op5-ep0,strings,0,0,3311,326,443
876,pangeblocks,J-3137,mafft.op5-ep0,strings,0,0,4074,127,174
877,pangeblocks,L-3139,mafft.op5-ep0,strings,0,0,7620,244,329
878,pangeblocks,TAP1-6890,mafft.op5-ep0,strings,0,0,18851,5799,8267
879,pangeblocks,DMB-3109,mafft.op5-ep0,strings,0,0,6658,59,82
880,pangeblocks,MICA-100507436,mafft.op5-ep0,strings,0,0,19569,402,544
881,pangeblocks,DPB1-3115,mafft.op5-ep0,strings,0,0,14251,924,1271
882,pangeblocks,DOA-3111,mafft.op5-ep0,strings,0,0,15635,2277,3300
883,pangeblocks,DOB-3112,mafft.op5-ep0,strings,0,0,12109,3123,4682
884,pangeblocks,H-3136,mafft.op5-ep0,strings,0,0,3428,234,315
885,pangeblocks,DMA-3108,mafft.op5-ep0,strings,0,0,8431,2680,3657
886,pangeblocks,E-3133,mafft.op5-ep0,strings,0,0,4806,13,16
887,pangeblocks,DPA1-3113,mafft.op5-ep0,strings,0,0,42752,12088,18080
888,pangeblocks,C-3107,mafft.op5-ep0,strings,0,0,10009,3134,4820
889,pangeblocks,B-3106,mafft.op5-ep0,strings,0,0,9070,2796,4156
890,pangeblocks,DQA1-3117,mafft.op5-ep0,strings,0,0,20327,1574,2171
891,pangeblocks,DRB3-3125,mafft.op5-ep0,strings,0,0,13390,623,845
892,pangeblocks,V-352962,mafft.op5-ep0,strings,0,0,1116,62,90
893,pangeblocks,TAP2-6891,mafft.op5-ep0,strings,0,0,48303,14350,21926
894,pangeblocks,A-3105,mafft.op5-ep0,strings,0,0,60033,923,1305
895,pangeblocks,DQB1-3119,mafft.op5-ep0,strings,0,0,18949,6827,10175
896,pangeblocks,DQB1-3119,mafft.op5-ep0,nodes,0,0,14116,5679,7898
897,pangeblocks,TAP2-6891,mafft.op5-ep0,nodes,0,0,28529,10223,13675
898,pangeblocks,DRB3-3125,mafft.op5-ep0,nodes,0,0,13388,622,843
899,pangeblocks,DQA1-3117,mafft.op5-ep0,nodes,0,0,19027,1495,2013
900,pangeblocks,DPA1-3113,mafft.op5-ep0,nodes,0,0,27532,9178,12260
901,pangeblocks,DMB-3109,mafft.op5-ep0,nodes,0,0,6580,53,70
902,pangeblocks,C-3107,mafft.op5-ep0,nodes,0,0,6029,2240,3039
903,pangeblocks,B-3106,mafft.op5-ep0,nodes,0,0,6394,2247,3057
904,pangeblocks,DRA-3122,mafft.op5-ep0,nodes,0,0,8821,3178,4253
905,pangeblocks,DPB1-3115,mafft.op5-ep0,nodes,0,0,14091,875,1173
906,pangeblocks,A-3105,mafft.op5-ep0,nodes,0,0,59773,843,1145
907,pangeblocks,H-3136,mafft.op5-ep0,nodes,0,0,3424,231,309
908,pangeblocks,MICA-100507436,mafft.op5-ep0,nodes,0,0,15780,397,534
909,pangeblocks,E-3133,mafft.op5-ep0,nodes,0,0,4806,13,16
910,pangeblocks,G-3135,mafft.op5-ep0,nodes,0,0,4213,165,220
911,pangeblocks,DMA-3108,mafft.op5-ep0,nodes,0,0,7628,2560,3417
912,pangeblocks,F-3134,mafft.op5-ep0,nodes,0,0,16139,96,130
913,pangeblocks,K-3138,mafft.op5-ep0,nodes,0,0,3301,322,435
914,pangeblocks,J-3137,mafft.op5-ep0,nodes,0,0,4033,120,160
915,pangeblocks,TAP1-6890,mafft.op5-ep0,nodes,0,0,14762,5006,6681
916,pangeblocks,V-352962,mafft.op5-ep0,nodes,0,0,1100,54,74
917,pangeblocks,DRB5-3127,mafft.op5-ep0,nodes,0,0,38570,5,6
918,pangeblocks,DRB4-3126,mafft.op5-ep0,nodes,0,0,15081,247,332
919,pangeblocks,DOB-3112,mafft.op5-ep0,nodes,0,0,10621,2843,4122
920,pangeblocks,L-3139,mafft.op5-ep0,nodes,0,0,7476,242,325
921,pangeblocks,DRB1-3123,mafft.op5-ep0,nodes,0,0,28419,9020,12570
922,pangeblocks,DOA-3111,mafft.op5-ep0,nodes,0,0,9631,1892,2530
923,pangeblocks,MICB-4277,mafft.op5-ep0,nodes,0,0,17072,641,878
924,PanPA,DRA-3122,mafft.op1.53-ep0,strings,0,0,8235,3599,4838
925,PanPA,MICA-100507436,mafft.op1.53-ep0,strings,0,0,15799,453,611
926,PanPA,DRB3-3125,mafft.op1.53-ep0,strings,0,0,13324,621,831
927,PanPA,DQA1-3117,mafft.op1.53-ep0,strings,0,0,19074,1948,2656
928,PanPA,DPA1-3113,mafft.op1.53-ep0,strings,0,0,25630,10381,13937
929,PanPA,DQB1-3119,mafft.op1.53-ep0,strings,0,0,13160,6938,9691
930,PanPA,TAP2-6891,mafft.op1.53-ep0,strings,0,0,27043,11039,14828
931,PanPA,A-3105,mafft.op1.53-ep0,strings,0,0,60963,1913,2590
932,PanPA,C-3107,mafft.op1.53-ep0,strings,0,0,5440,2559,3488
933,PanPA,B-3106,mafft.op1.53-ep0,strings,0,0,6076,2526,3442
934,PanPA,DMB-3109,mafft.op1.53-ep0,strings,0,0,6567,70,93
935,PanPA,E-3133,mafft.op1.53-ep0,strings,0,0,4804,13,16
936,PanPA,DPB1-3115,mafft.op1.53-ep0,strings,0,0,14089,877,1176
937,PanPA,H-3136,mafft.op1.53-ep0,strings,0,0,3422,235,315
938,PanPA,K-3138,mafft.op1.53-ep0,strings,0,0,3299,324,440
939,PanPA,J-3137,mafft.op1.53-ep0,strings,0,0,4020,106,142
940,PanPA,G-3135,mafft.op1.53-ep0,strings,0,0,4211,165,220
941,PanPA,TAP1-6890,mafft.op1.53-ep0,strings,0,0,13954,5500,7381
942,PanPA,F-3134,mafft.op1.53-ep0,strings,0,0,16127,87,117
943,PanPA,DOB-3112,mafft.op1.53-ep0,strings,0,0,7407,2572,3450
944,PanPA,DOA-3111,mafft.op1.53-ep0,strings,0,0,8674,3391,4558
945,PanPA,DMA-3108,mafft.op1.53-ep0,strings,0,0,7156,2781,3733
946,PanPA,MICB-4277,mafft.op1.53-ep0,strings,0,0,16707,653,891
947,PanPA,DRB1-3123,mafft.op1.53-ep0,strings,0,0,28254,12803,17821
948,PanPA,DRB5-3127,mafft.op1.53-ep0,strings,0,0,12856,1,0
949,PanPA,DRB4-3126,mafft.op1.53-ep0,strings,0,0,15081,250,333
950,PanPA,V-352962,mafft.op1.53-ep0,strings,0,0,1014,50,66
951,PanPA,L-3139,mafft.op1.53-ep0,strings,0,0,7473,242,324
952,PanPA,MICA-100507436,mafft.op3-ep0,strings,0,0,15799,453,611
953,PanPA,V-352962,mafft.op3-ep0,strings,0,0,1014,50,66
954,PanPA,DPB1-3115,mafft.op3-ep0,strings,0,0,14089,877,1176
955,PanPA,DMA-3108,mafft.op3-ep0,strings,0,0,7504,2499,3338
956,PanPA,DQB1-3119,mafft.op3-ep0,strings,0,0,13664,6731,9389
957,PanPA,B-3106,mafft.op3-ep0,strings,0,0,6272,2435,3315
958,PanPA,C-3107,mafft.op3-ep0,strings,0,0,5783,2374,3221
959,PanPA,TAP2-6891,mafft.op3-ep0,strings,0,0,28131,10390,13908
960,PanPA,DOB-3112,mafft.op3-ep0,strings,0,0,7712,2488,3327
961,PanPA,DRB3-3125,mafft.op3-ep0,strings,0,0,13324,621,831
962,PanPA,DQA1-3117,mafft.op3-ep0,strings,0,0,19107,1979,2698
963,PanPA,A-3105,mafft.op3-ep0,strings,0,0,60970,1921,2600
964,PanPA,DOA-3111,mafft.op3-ep0,strings,0,0,9434,1946,2610
965,PanPA,DPA1-3113,mafft.op3-ep0,strings,0,0,26713,10166,13595
966,PanPA,H-3136,mafft.op3-ep0,strings,0,0,3422,235,315
967,PanPA,E-3133,mafft.op3-ep0,strings,0,0,4804,13,16
968,PanPA,F-3134,mafft.op3-ep0,strings,0,0,16127,87,117
969,PanPA,DMB-3109,mafft.op3-ep0,strings,0,0,6578,53,70
970,PanPA,G-3135,mafft.op3-ep0,strings,0,0,4211,165,220
971,PanPA,DRB5-3127,mafft.op3-ep0,strings,0,0,12856,1,0
972,PanPA,J-3137,mafft.op3-ep0,strings,0,0,4020,106,142
973,PanPA,K-3138,mafft.op3-ep0,strings,0,0,3299,326,442
974,PanPA,DRB4-3126,mafft.op3-ep0,strings,0,0,15081,250,333
975,PanPA,DRB1-3123,mafft.op3-ep0,strings,0,0,29193,12637,17583
976,PanPA,MICB-4277,mafft.op3-ep0,strings,0,0,16707,652,890
977,PanPA,TAP1-6890,mafft.op3-ep0,strings,0,0,14522,5363,7163
978,PanPA,DRA-3122,mafft.op3-ep0,strings,0,0,8681,3331,4463
979,PanPA,L-3139,mafft.op3-ep0,strings,0,0,7473,242,324
980,PanPA,DQB1-3119,mafft.op5-ep0,strings,0,0,13947,6600,9214
981,PanPA,DOB-3112,mafft.op5-ep0,strings,0,0,7885,2370,3166
982,PanPA,TAP2-6891,mafft.op5-ep0,strings,0,0,28529,10371,13877
983,PanPA,DOA-3111,mafft.op5-ep0,strings,0,0,9645,1955,2614
984,PanPA,DQA1-3117,mafft.op5-ep0,strings,0,0,19114,1991,2714
985,PanPA,DRB3-3125,mafft.op5-ep0,strings,0,0,13324,621,831
986,PanPA,DPA1-3113,mafft.op5-ep0,strings,0,0,27495,9227,12325
987,PanPA,MICA-100507436,mafft.op5-ep0,strings,0,0,15799,453,611
988,PanPA,E-3133,mafft.op5-ep0,strings,0,0,4804,13,16
989,PanPA,H-3136,mafft.op5-ep0,strings,0,0,3422,235,315
990,PanPA,V-352962,mafft.op5-ep0,strings,0,0,1014,50,66
991,PanPA,DPB1-3115,mafft.op5-ep0,strings,0,0,14089,877,1176
992,PanPA,DMA-3108,mafft.op5-ep0,strings,0,0,7630,2572,3432
993,PanPA,A-3105,mafft.op5-ep0,strings,0,0,60977,1930,2613
994,PanPA,C-3107,mafft.op5-ep0,strings,0,0,5823,2439,3306
995,PanPA,B-3106,mafft.op5-ep0,strings,0,0,6377,2379,3233
996,PanPA,TAP1-6890,mafft.op5-ep0,strings,0,0,14813,5025,6707
997,PanPA,K-3138,mafft.op5-ep0,strings,0,0,3300,326,442
998,PanPA,J-3137,mafft.op5-ep0,strings,0,0,4031,120,160
999,PanPA,DRA-3122,mafft.op5-ep0,strings,0,0,8809,3251,4356
1000,PanPA,G-3135,mafft.op5-ep0,strings,0,0,4211,165,220
1001,PanPA,F-3134,mafft.op5-ep0,strings,0,0,16138,97,130
1002,PanPA,DMB-3109,mafft.op5-ep0,strings,0,0,6578,53,70
1003,PanPA,DRB5-3127,mafft.op5-ep0,strings,0,0,12856,1,0
1004,PanPA,DRB4-3126,mafft.op5-ep0,strings,0,0,15080,248,330
1005,PanPA,L-3139,mafft.op5-ep0,strings,0,0,7473,242,324
1006,PanPA,DRB1-3123,mafft.op5-ep0,strings,0,0,29689,12717,17719
1007,PanPA,MICB-4277,mafft.op5-ep0,strings,0,0,16707,652,890
1008,makeprg,TAP2-6891,mafft.op1.53-ep0,makeprg,0,0,34014,322,435
1009,makeprg,DQB1-3119,mafft.op1.53-ep0,makeprg,0,0,24174,1428,2154
1010,makeprg,DPA1-3113,mafft.op1.53-ep0,makeprg,0,0,32395,198,263
1011,makeprg,L-3139,mafft.op1.53-ep0,makeprg,0,0,7596,226,301
1012,makeprg,DRB3-3125,mafft.op1.53-ep0,makeprg,0,0,13460,530,708
1013,makeprg,DMB-3109,mafft.op1.53-ep0,makeprg,0,0,6455,40,52
1014,makeprg,MICA-100507436,mafft.op1.53-ep0,makeprg,0,0,34902,371,502
1015,makeprg,DPB1-3115,mafft.op1.53-ep0,makeprg,0,0,14400,677,907
1016,makeprg,DRA-3122,mafft.op1.53-ep0,makeprg,0,0,10525,189,254
1017,makeprg,K-3138,mafft.op1.53-ep0,makeprg,0,0,3604,267,374
1018,makeprg,J-3137,mafft.op1.53-ep0,makeprg,0,0,4051,95,127
1019,makeprg,F-3134,mafft.op1.53-ep0,makeprg,0,0,17870,74,99
1020,makeprg,G-3135,mafft.op1.53-ep0,makeprg,0,0,4262,160,214
1021,makeprg,E-3133,mafft.op1.53-ep0,makeprg,0,0,4804,13,16
1022,makeprg,DMA-3108,mafft.op1.53-ep0,makeprg,0,0,8953,62,80
1023,makeprg,H-3136,mafft.op1.53-ep0,makeprg,0,0,3546,190,258
1024,makeprg,A-3105,mafft.op1.53-ep0,makeprg,0,0,7185,579,833
1025,makeprg,V-352962,mafft.op1.53-ep0,makeprg,0,0,1025,48,62
1026,makeprg,TAP1-6890,mafft.op1.53-ep0,makeprg,0,0,17347,113,148
1027,makeprg,B-3106,mafft.op1.53-ep0,makeprg,0,0,8621,352,496
1028,makeprg,C-3107,mafft.op1.53-ep0,makeprg,0,0,7310,408,565
1029,makeprg,DRB4-3126,mafft.op1.53-ep0,makeprg,0,0,44634,63,83
1030,makeprg,DOA-3111,mafft.op1.53-ep0,makeprg,0,0,10807,165,219
1031,makeprg,MICB-4277,mafft.op1.53-ep0,makeprg,0,0,102134,135,179
1032,makeprg,C-3107,mafft.op3-ep0,makeprg,0,0,7231,391,539
1033,makeprg,B-3106,mafft.op3-ep0,makeprg,0,0,8718,360,506
1034,makeprg,DMA-3108,mafft.op3-ep0,makeprg,0,0,9017,38,48
1035,makeprg,A-3105,mafft.op3-ep0,makeprg,0,0,7205,577,830
1036,makeprg,DPB1-3115,mafft.op3-ep0,makeprg,0,0,14400,677,907
1037,makeprg,H-3136,mafft.op3-ep0,makeprg,0,0,3546,190,258
1038,makeprg,V-352962,mafft.op3-ep0,makeprg,0,0,1025,48,62
1039,makeprg,E-3133,mafft.op3-ep0,makeprg,0,0,4804,13,16
1040,makeprg,DPA1-3113,mafft.op3-ep0,makeprg,0,0,32436,163,216
1041,makeprg,DOA-3111,mafft.op3-ep0,makeprg,0,0,10661,197,262
1042,makeprg,DRB3-3125,mafft.op3-ep0,makeprg,0,0,13460,530,708
1043,makeprg,TAP2-6891,mafft.op3-ep0,makeprg,0,0,34092,275,372
1044,makeprg,DQB1-3119,mafft.op3-ep0,makeprg,0,0,23223,1475,2211
1045,makeprg,MICA-100507436,mafft.op3-ep0,makeprg,0,0,34902,371,502
1046,makeprg,MICB-4277,mafft.op3-ep0,makeprg,0,0,102134,135,179
1047,makeprg,DRB4-3126,mafft.op3-ep0,makeprg,0,0,44634,63,83
1048,makeprg,L-3139,mafft.op3-ep0,makeprg,0,0,7596,226,301
1049,makeprg,DMB-3109,mafft.op3-ep0,makeprg,0,0,6565,43,56
1050,makeprg,G-3135,mafft.op3-ep0,makeprg,0,0,4262,160,214
1051,makeprg,F-3134,mafft.op3-ep0,makeprg,0,0,17870,74,99
1052,makeprg,DRA-3122,mafft.op3-ep0,makeprg,0,0,10541,168,226
1053,makeprg,J-3137,mafft.op3-ep0,makeprg,0,0,4051,95,127
1054,makeprg,K-3138,mafft.op3-ep0,makeprg,0,0,3595,268,375
1055,makeprg,TAP1-6890,mafft.op3-ep0,makeprg,0,0,17483,59,76
1056,makeprg,L-3139,mafft.op5-ep0,makeprg,0,0,7596,226,301
1057,makeprg,DMB-3109,mafft.op5-ep0,makeprg,0,0,6565,43,56
1058,makeprg,TAP1-6890,mafft.op5-ep0,makeprg,0,0,17509,47,60
1059,makeprg,DRB4-3126,mafft.op5-ep0,makeprg,0,0,44627,62,81
1060,makeprg,DRB5-3127,mafft.op5-ep0,makeprg,0,0,12856,1,0
1061,makeprg,DRA-3122,mafft.op5-ep0,makeprg,0,0,10494,180,242
1062,makeprg,MICB-4277,mafft.op5-ep0,makeprg,0,0,102134,135,179
1063,makeprg,J-3137,mafft.op5-ep0,makeprg,0,0,4069,92,123
1064,makeprg,K-3138,mafft.op5-ep0,makeprg,0,0,3595,268,375
1065,makeprg,G-3135,mafft.op5-ep0,makeprg,0,0,4262,160,214
1066,makeprg,F-3134,mafft.op5-ep0,makeprg,0,0,17874,72,96
1067,makeprg,DPA1-3113,mafft.op5-ep0,makeprg,0,0,32473,154,204
1068,makeprg,DRB3-3125,mafft.op5-ep0,makeprg,0,0,13460,530,708
1069,makeprg,E-3133,mafft.op5-ep0,makeprg,0,0,4804,13,16
1070,makeprg,TAP2-6891,mafft.op5-ep0,makeprg,0,0,34099,264,357
1071,makeprg,H-3136,mafft.op5-ep0,makeprg,0,0,3546,190,258
1072,makeprg,DQB1-3119,mafft.op5-ep0,makeprg,0,0,23021,1484,2217
1073,makeprg,DMA-3108,mafft.op5-ep0,makeprg,0,0,9029,35,44
1074,makeprg,V-352962,mafft.op5-ep0,makeprg,0,0,1025,48,62
1075,makeprg,A-3105,mafft.op5-ep0,makeprg,0,0,7235,573,825
1076,makeprg,C-3107,mafft.op5-ep0,makeprg,0,0,7235,389,536
1077,makeprg,B-3106,mafft.op5-ep0,makeprg,0,0,8722,353,497
1078,makeprg,DPB1-3115,mafft.op5-ep0,makeprg,0,0,14400,677,907
1079,makeprg,DOA-3111,mafft.op5-ep0,makeprg,0,0,10700,183,243
1080,makeprg,MICA-100507436,mafft.op5-ep0,makeprg,0,0,34902,371,502
1081,pggb,MICA-100507436,wfmash,pggb,0,0,15798,453,611
1082,pggb,DRB4-3126,wfmash,pggb,0,0,15080,248,331
1083,pggb,J-3137,wfmash,pggb,0,0,4020,106,142
1084,pggb,DOA-3111,wfmash,pggb,0,0,5471,119,158
1085,pggb,DMA-3108,wfmash,pggb,0,0,4522,31,40
1086,pggb,L-3139,wfmash,pggb,0,0,7473,242,324
1087,pggb,TAP2-6891,wfmash,pggb,0,0,17109,272,371
1088,pggb,G-3135,wfmash,pggb,0,0,4211,165,220
1089,pggb,DRB5-3127,wfmash,pggb,0,0,12856,1,0
1090,pggb,F-3134,wfmash,pggb,0,0,16126,87,117
1091,pggb,C-3107,wfmash,pggb,0,0,3566,506,681
1092,pggb,DRA-3122,wfmash,pggb,0,0,5271,180,241
1093,pggb,DQB1-3119,wfmash,pggb,0,0,8876,2864,3933
1094,pggb,TAP1-6890,wfmash,pggb,0,0,8776,34,44
1095,pggb,MICB-4277,wfmash,pggb,0,0,16654,644,878
1096,pggb,V-352962,wfmash,pggb,0,0,2948,3,0
1097,pggb,DPA1-3113,wfmash,pggb,0,0,16269,153,204
1098,pggb,E-3133,wfmash,pggb,0,0,4804,13,16
1099,pggb,DRB3-3125,wfmash,pggb,0,0,13323,617,825
1100,pggb,DRB1-3123,wfmash,pggb,0,0,21355,5002,6850
1101,pggb,DOB-3112,wfmash,pggb,0,0,4856,56,73
1102,pggb,H-3136,wfmash,pggb,0,0,3421,232,311
1103,pggb,DPB1-3115,wfmash,pggb,0,0,14088,879,1179
1104,pggb,DMB-3109,wfmash,pggb,0,0,6577,51,67
1105,pggb,K-3138,wfmash,pggb,0,0,3300,326,443
1106,pggb,A-3105,wfmash,pggb,0,0,45897,4966,6793
1107,pggb,DQA1-3117,wfmash,pggb,0,0,19051,1904,2599
1108,pggb,B-3106,wfmash,pggb,0,0,4188,483,656
